{
  "meta": {
    "cacheKey": "A104_0",
    "projectSlug": "test",
    "slug": "046"
  },
  "v1": {
    "apartment": {
      "area": 854107,
      "blueprints": [
        {
          "externalSpaces": [
            {
              "area": 338824.0898539027,
              "polygon": [
                [
                  -5641.283073097998,
                  482.51589191799997
                ],
                [
                  -5869.023135545033,
                  482.5235039557475
                ],
                [
                  -5869.084867204698,
                  572.2326334049965
                ],
                [
                  -6458.751521118478,
                  572.261922705241
                ],
                [
                  -6458.780826498221,
                  1460.7416064114127
                ],
                [
                  -6620.7719545559985,
                  1460.7493176339917
                ],
                [
                  -6620.683291509999,
                  280.6068415829999
                ],
                [
                  -5622.888841844999,
                  280.606841585
                ],
                [
                  -5622.888841846,
                  442.6158956853943
                ],
                [
                  -5641.283073096442,
                  442.6158954427348
                ]
              ],
              "type": "terrace",
              "windows": [
                0,
                1,
                2,
                3,
                4,
                6
              ]
            }
          ],
          "externalWalls": [
            0,
            1,
            2,
            3,
            4,
            5,
            6,
            7,
            8,
            9,
            10,
            11,
            12,
            13
          ],
          "fixedItems": [
            {
              "coef1": 334,
              "coef2": 932,
              "sillHeight": 0,
              "type": "doorWindow",
              "vertex1": 9,
              "vertex2": 10,
              "width": 80
            },
            {
              "coef1": 0,
              "coef2": 237,
              "sillHeight": 0,
              "type": "doorWindow",
              "vertex1": 9,
              "vertex2": 10,
              "width": 80
            },
            {
              "coef1": 264,
              "coef2": 659,
              "sillHeight": 0,
              "type": "doorWindow",
              "vertex1": 11,
              "vertex2": 12,
              "width": 80
            },
            {
              "coef1": 574,
              "coef2": 684,
              "sillHeight": 0,
              "type": "doorWindow",
              "vertex1": 8,
              "vertex2": 9,
              "width": 80
            },
            {
              "coef1": 303,
              "coef2": 413,
              "sillHeight": 0,
              "type": "doorWindow",
              "vertex1": 8,
              "vertex2": 9,
              "width": 80
            },
            {
              "coef1": 144,
              "coef2": 254,
              "sillHeight": 0,
              "type": "doorWindow",
              "vertex1": 8,
              "vertex2": 9,
              "width": 80
            },
            {
              "coef1": 812,
              "coef2": 1000,
              "sillHeight": 0,
              "type": "doorWindow",
              "vertex1": 8,
              "vertex2": 9,
              "width": 80
            },
            {
              "coef1": 657,
              "coef2": 1000,
              "type": "frontDoor",
              "vertex1": 2,
              "vertex2": 3,
              "width": 90
            },
            {
              "coef1": 0,
              "coef2": 1000,
              "type": "duct",
              "vertex1": 14,
              "vertex2": 15,
              "width": 53
            },
            {
              "coef1": 0,
              "coef2": 248,
              "type": "duct",
              "vertex1": 13,
              "vertex2": 0,
              "width": 60
            },
            {
              "coef1": 485,
              "coef2": 786,
              "type": "duct",
              "vertex1": 5,
              "vertex2": 6,
              "width": 108
            }
          ],
          "forbiddenZones": [],
          "level": 1,
          "loadBearingWalls": [],
          "rooms": [],
          "unsplittableZones": [],
          "vertices": [
            {
              "x": -5839,
              "y": 842
            },
            {
              "x": -5839,
              "y": 1128
            },
            {
              "x": -5791,
              "y": 1128
            },
            {
              "x": -5791,
              "y": 1419
            },
            {
              "x": -5919,
              "y": 1419
            },
            {
              "x": -5919,
              "y": 1654
            },
            {
              "x": -5814,
              "y": 1759
            },
            {
              "x": -5902,
              "y": 1847
            },
            {
              "x": -6459,
              "y": 1847
            },
            {
              "x": -6459,
              "y": 572
            },
            {
              "x": -5869,
              "y": 572
            },
            {
              "x": -5869,
              "y": 483
            },
            {
              "x": -5641,
              "y": 483
            },
            {
              "x": -5641,
              "y": 842
            },
            {
              "x": -6093,
              "y": 1104
            },
            {
              "x": -6036,
              "y": 1104
            }
          ]
        }
      ],
      "id": "A104",
      "ifcIds": [
        550054
      ],
      "levels": [
        1
      ],
      "north": [
        -0.5364660627410469,
        0.8439218942100739
      ]
    }
  },
  "v2": {
    "aptInfos": {
      "north": [
        -0.5364660627410469,
        0.8439218942100739
      ]
    },
    "floors": [
      {
        "elements": [
          301,
          201,
          202,
          203,
          204,
          205,
          206,
          207,
          208,
          302,
          303,
          304,
          305
        ],
        "id": 401,
        "level": 1
      }
    ],
    "linears": [
      {
        "category": "doorWindow",
        "externalSpaces": [
          302
        ],
        "geometry": [
          1015,
          1016
        ],
        "id": 201,
        "length": 352.72620230993346,
        "sillHeight": 0
      },
      {
        "category": "doorWindow",
        "externalSpaces": [
          302
        ],
        "geometry": [
          1017,
          1018
        ],
        "id": 202,
        "length": 139.9999999999418,
        "sillHeight": 0
      },
      {
        "category": "doorWindow",
        "externalSpaces": [
          302
        ],
        "geometry": [
          1019,
          1020
        ],
        "id": 203,
        "length": 89.99999999987195,
        "sillHeight": 0
      },
      {
        "category": "doorWindow",
        "externalSpaces": [
          302
        ],
        "geometry": [
          1021,
          1022
        ],
        "id": 204,
        "length": 140.00000000021066,
        "sillHeight": 0
      },
      {
        "category": "doorWindow",
        "externalSpaces": [
          302
        ],
        "geometry": [
          1023,
          1024
        ],
        "id": 205,
        "length": 139.99999999954855,
        "sillHeight": 0
      },
      {
        "category": "doorWindow",
        "externalSpaces": [],
        "geometry": [
          1025,
          1026
        ],
        "id": 206,
        "length": 140.0000000008717,
        "sillHeight": 0
      },
      {
        "category": "doorWindow",
        "externalSpaces": [
          302
        ],