{
  "meta": {
    "cacheKey": "A2E3L03_0",
    "cells": [
      "X2E3C02"
    ],
    "projectSlug": "saint-maur-facultes",
    "slug": "A2E3L03"
  },
  "v1": {
    "apartment": {
      "area": 1103180,
      "blueprints": [
        {
          "externalSpaces": [
            {
              "area": 400286.71701754606,
              "polygon": [
                [
                  -3967.306233419999,
                  180.063718177
                ],
                [
                  -2220.6102908999997,
                  180.063718177
                ],
                [
                  -2220.6102909,
                  866.8927380599989
                ],
                [
                  -2332.4778987083096,
                  866.8927380599993
                ],
                [
                  -2332.568096992615,
                  381.9732500269285
                ],
                [
                  -3265.5877004249005,
                  381.973250026667
                ],
                [
                  -3265.6778987109174,
                  471.6895099945694
                ],
                [
                  -3855.294422702188,
                  471.6914314029356
                ],
                [
                  -3855.3813507240425,
                  711.7895099965539
                ],
                [
                  -3967.3062334199994,
                  711.7895099950017
                ]
              ],
              "type": "balcony",
              "windows": [
                2,
                3,
                4,
                5,
                6,
                7,
                8
              ]
            }
          ],
          "externalWalls": [
            0,
            1,
            2,
            3,
            4,
            5,
            6,
            7
          ],
          "fixedItems": [
            {
              "coef1": 482,
              "coef2": 609,
              "sillHeight": 0,
              "type": "doorWindow",
              "vertex1": 4,
              "vertex2": 5,
              "width": 80
            },
            {
              "coef1": 753,
              "coef2": 880,
              "sillHeight": 0,
              "type": "doorWindow",
              "vertex1": 4,
              "vertex2": 5,
              "width": 80
            },
            {
              "coef1": 0,
              "coef2": 81,
              "sillHeight": 0,
              "type": "doorWindow",
              "vertex1": 4,
              "vertex2": 5,
              "width": 80
            },
            {
              "coef1": 354,
              "coef2": 504,
              "sillHeight": 0,
              "type": "doorWindow",
              "vertex1": 3,
              "vertex2": 4,
              "width": 80
            },
            {
              "coef1": 849,
              "coef2": 999,
              "sillHeight": 0,
              "type": "doorWindow",
              "vertex1": 3,
              "vertex2": 4,
              "width": 80
            },
            {
              "coef1": 64,
              "coef2": 160,
              "sillHeight": 0,
              "type": "doorWindow",
              "vertex1": 3,
              "vertex2": 4,
              "width": 80
            },
            {
              "coef1": 540,
              "coef2": 999,
              "sillHeight": 0,
              "type": "doorWindow",
              "vertex1": 0,
              "vertex2": 1,
              "width": 80
            },
            {
              "coef1": 333,
              "coef2": 931,
              "sillHeight": 0,
              "type": "doorWindow",
              "vertex1": 1,
              "vertex2": 2,
              "width": 80
            },
            {
              "coef1": 0,
              "coef2": 238,
              "sillHeight": 0,
              "type": "doorWindow",
              "vertex1": 1,
              "vertex2": 2,
              "width": 80
            },
            {
              "coef1": 31,
              "coef2": 124,
              "type": "frontDoor",
              "vertex1": 7,
              "vertex2": 0,
              "width": 90
            },
            {
              "coef1": 27,
              "coef2": 153,
              "type": "duct",
              "vertex1": 8,
              "vertex2": 9,
              "width": -60
            },
            {
              "coef1": 1,
              "coef2": 141,
              "type": "duct",
              "vertex1": 6,
              "vertex2": 7,
              "width": 43
            },
            {
              "coef1": 0,
              "coef2": 1000,
              "type": "duct",
              "vertex1": 12,
              "vertex2": 13,
              "width": 52
            },
            {
              "coef1": 33,
              "coef2": 185,
              "type": "duct",
              "vertex1": 8,
              "vertex2": 9,
              "width": 56
            }
          ],
          "forbiddenZones": [],
          "level": 3,
          "loadBearingWalls": [
            [
              8,
              9
            ],
            [
              10,
              11
            ]
          ],
          "rooms": [],
          "unsplittableZones": [],
          "vertices": [
            {
              "x": -3855,
              "y": 995
            },
            {
              "x": -3855,
              "y": 472
            },
            {
              "x": -3266,
              "y": 472
            },
            {
              "x": -3266,
              "y": 382
            },
            {
              "x": -2333,
              "y": 382
            },
            {
              "x": -2333,
              "y": 1490
            },
            {
              "x": -2782,
              "y": 1490
            },
            {
              "x": -2782,
              "y": 995
            },
            {
              "x": -3029,
              "y": 735
            },
            {
              "x": -3029,
              "y": 381
            },
            {
              "x": -2679,
              "y": 929
            },
            {
              "x": -2679,
              "y": 791
            },
            {
              "x": -3163,
              "y": 888
            },
            {
              "x": -3217,
              "y": 888
            }
          ]
        }
      ],
      "id": "A2E3L03",
      "ifcIds": [
        556519
      ],
      "levels": [
        3
      ],
      "north": [
        -0.5364660627410469,
        0.8439218942100739
      ]
    }
  },
  "v2": {
    "aptInfos": {
      "north": [
        -0.5364660627410469,
        0.8439218942100739
      ]
    },
    "floors": [
      {
        "elements": [
          301,
          201,
          202,
          203,
          204,
          205,
          206,
          207,
          208,
          209,
          2010,
          302,
          303,
          304,
          305,
          306,
          307,
          308
        ],
        "id": 401,
        "level": 3
      }
    ],
    "linears": [
      {
        "category": "doorWindow",
        "externalSpaces": [],
        "geometry": [
          109,
          1010
        ],
        "id": 201,
        "length": 140.0,
        "sillHeight": 0
      },
      {
        "category": "doorWindow",
        "externalSpaces": [],
        "geometry": [
          1011,
          1012
        ],
        "id": 202,
        "length": 140.0,
        "sillHeight": 0
      },
      {
        "category": "doorWindow",
        "externalSpaces": [
          302
        ],
        "geometry": [
          1013,
          1014
        ],
        "id": 203,
        "length": 90.0,
        "sillHeight": 0
      },
      {
        "category": "doorWindow",
        "externalSpaces": [
          302
        ],
        "geometry": [
          1015,
          1016
        ],
        "id": 204,
        "length": 139.99999999874052,