{
  "meta": {
    "cacheKey": "B232_0",
    "cells": [
      "B232"
    ],
    "initial": true,
    "projectSlug": "test-base",
    "slug": "bagneux_B232"
  },
  "v1": {
    "apartment": {
      "area": 1032342,
      "blueprints": [
        {
          "externalSpaces": [
            {
              "area": 535171.9342319455,
              "polygon": [
                [
                  -1186.2043125608072,
                  -1228.4004087368019
                ],
                [
                  -1313.6593920866112,
                  -2025.7894516169777
                ],
                [
                  -2642.18461514077,
                  -2012.1419009201145
                ],
                [
                  -2521.729951993001,
                  -1257.6100443010912
                ],
                [
                  -2709.252740813265,
                  -1227.6565663322285
                ],
                [
                  -2864.532354340244,
                  -2199.780849410079
                ],
                [
                  -1151.8657575390712,
                  -2217.360153246735
                ],
                [
                  -998.6815087915102,
                  -1258.3538509072819
                ]
              ],
              "type": "balcony",
              "windows": [
                0,
                1,
                2,
                3,
                4,
                5,
                6,
                7
              ]
            }
          ],
          "externalWalls": [
            0,
            1,
            2,
            3,
            4,
            5,
            6,
            7,
            8,
            9,
            10,
            11,
            12,
            13,
            14,
            15
          ],
          "fixedItems": [
            {
              "coef1": 361,
              "coef2": 429,
              "sillHeight": 0,
              "type": "doorWindow",
              "vertex1": 1,
              "vertex2": 2,
              "width": 80
            },
            {
              "coef1": 22,
              "coef2": 226,
              "sillHeight": 0,
              "type": "doorWindow",
              "vertex1": 1,
              "vertex2": 2,
              "width": 80
            },
            {
              "coef1": 562,
              "coef2": 630,
              "sillHeight": 0,
              "type": "doorWindow",
              "vertex1": 1,
              "vertex2": 2,
              "width": 80
            },
            {
              "coef1": 835,
              "coef2": 903,
              "sillHeight": 0,
              "type": "doorWindow",
              "vertex1": 1,
              "vertex2": 2,
              "width": 80
            },
            {
              "coef1": 769,
              "coef2": 879,
              "sillHeight": 0,
              "type": "doorWindow",
              "vertex1": 2,
              "vertex2": 3,
              "width": 80
            },
            {
              "coef1": 440,
              "coef2": 549,
              "sillHeight": 0,
              "type": "doorWindow",
              "vertex1": 2,
              "vertex2": 3,
              "width": 80
            },
            {
              "coef1": 606,
              "coef2": 719,
              "sillHeight": 0,
              "type": "doorWindow",
              "vertex1": 0,
              "vertex2": 1,
              "width": 80
            },
            {
              "coef1": 154,
              "coef2": 267,
              "sillHeight": 0,
              "type": "doorWindow",
              "vertex1": 0,
              "vertex2": 1,
              "width": 80
            },
            {
              "coef1": 68,
              "coef2": 710,
              "type": "frontDoor",
              "vertex1": 9,
              "vertex2": 10,
              "width": 90
            },
            {
              "coef1": 1067,
              "coef2": 1742,
              "type": "duct",
              "vertex1": 10,
              "vertex2": 11,
              "width": -131
            },
            {
              "coef1": 369,
              "coef2": 932,
              "type": "duct",
              "vertex1": 18,
              "vertex2": 19,
              "width": 90
            },
            {
              "coef1": 76,
              "coef2": 748,
              "type": "duct",
              "vertex1": 18,
              "vertex2": 19,
              "width": -81
            }
          ],
          "forbiddenZones": [],
          "level": 2,
          "loadBearingWalls": [
            [
              16,
              17
            ],
            [
              18,
              19
            ],
            [
              20,
              21
            ]
          ],
          "rooms": [],
          "unsplittableZones": [],
          "vertices": [
            {
              "x": -2516,
              "y": -1225
            },
            {
              "x": -2642,
              "y": -2012
            },
            {
              "x": -1314,
              "y": -2026
            },
            {
              "x": -1184,
              "y": -1216
            },
            {
              "x": -1580,
              "y": -1153
            },
            {
              "x": -1591,
              "y": -1218
            },
            {
              "x": -1864,
              "y": -1174
            },
            {
              "x": -1894,
              "y": -1360
            },
            {
              "x": -2094,
              "y": -1328
            },
            {
              "x": -2089,
              "y": -1293
            },
            {
              "x": -2232,
              "y": -1270
            },
            {
              "x": -2243,
              "y": -1337
            },
            {
              "x": -2336,
              "y": -1322
            },
            {
              "x": -2331,
              "y": -1290
            },
            {
              "x": -2411,
              "y": -1277
            },
            {
              "x": -2405,
              "y": -1243
            },
            {
              "x": -1875,
              "y": -1354
            },
            {
              "x": -1894,
              "y": -1351
            },
            {
              "x": -1898,
              "y": -1492
            },
            {
              "x": -1876,
              "y": -1353
            },
            {
              "x": -1918,
              "y": -1618
            },
            {
              "x": -1982,
              "y": -2020
            }
          ]
        }
      ],
      "id": "B232",
      "ifcIds": [
        651904
      ],
      "levels": [
        2
      ],
      "north": [
        0.0,
        1.0
      ]
    }
  },
  "v2": {
    "aptInfos": {
      "north": [
        0.0,
        1.0
      ]
    },
    "floors": [
      {
        "elements": [
          301,
          201,
          202,
          203,
          204,
          205,
          206,
          207,
          208,
          209,
          302,
          303,
          304,
          305,
          306,
          307
        ],
        "id": 401,
        "level": 2
      }
    ],
    "linears": [
      {
        "category": "doorWindow",
        "externalSpaces": [
          302
        ],
        "geometry": [
          1017,
          1018
        ],
        "id": 201,
        "length": 89.99999999996379,
        "sillHeight": 0
      },
      {
        "category": "doorWindow",
        "externalSpaces": [
          302
        ],
        "geometry": [
          1019,
          1020
        ],
        "id": 202,
        "length": 269.999999999891,
        "sillHeight": 0
      },
      {
        "category": "doorWindow",
        "externalSpaces": [
          302
        ],
        "geometry": [
          1021,
          1022
        ],
        "id": 203,