{
    "hashKey": "201_0",
    "v1": {
        "apartment": {
            "area": 518380,
            "blueprints": [
                {
                    "externalSpaces": [
                        {
                            "area": 86008.78459493238,
                            "polygon": [
                                [
                                    849.7553013934343,
                                    -1071.6123706868389
                                ],
                                [
                                    880.7030514628256,
                                    -1041.107850240032
                                ],
                                [
                                    915.0308468927687,
                                    -1075.7358322735436
                                ],
                                [
                                    1277.8845045099974,
                                    -716.0277081676733
                                ],
                                [
                                    1134.271368961734,
                                    -571.1587214684716
                                ],
                                [
                                    740.5574280870003,
                                    -961.4595911289996
                                ]
                            ],
                            "type": "balcony",
                            "windows": [
                                2
                            ]
                        }
                    ],
                    "externalWalls": [
                        0,
                        1,
                        2,
                        3,
                        4,
                        5,
                        6,
                        7,
                        8,
                        9
                    ],
                    "fixedItems": [
                        {
                            "coef1": 221,
                            "coef2": 356,
                            "sillHeight": 0,
                            "type": "doorWindow",
                            "vertex1": 1,
                            "vertex2": 2,
                            "width": 80
                        },
                        {
                            "coef1": 696,
                            "coef2": 831,
                            "sillHeight": 0,
                            "type": "doorWindow",
                            "vertex1": 1,
                            "vertex2": 2,
                            "width": 80
                        },
                        {
                            "coef1": 389,
                            "coef2": 765,
                            "sillHeight": 0,
                            "type": "doorWindow",
                            "vertex1": 0,
                            "vertex2": 1,
                            "width": 80
                        },
                        {
                            "coef1": 373,
                            "coef2": 850,
                            "type": "frontDoor",
                            "vertex1": 5,
                            "vertex2": 6,
                            "width": 90
                        },
                        {
                            "coef1": 0,
                            "coef2": 400,
                            "type": "duct",
                            "vertex1": 3,
                            "vertex2": 4,
                            "width": 97
                        },
                        {
                            "coef1": 997,
                            "coef2": 1330,
                            "type": "duct",
                            "vertex1": 3,
                            "vertex2": 4,
                            "width": -74
                        }
                    ],
                    "forbiddenZones": [],
                    "level": 0,
                    "loadBearingWalls": [],
                    "rooms": [],
                    "unsplittableZones": [],
                    "vertices": [
                        {
                            "x": 1406,
                            "y": -589
                        },
                        {
                            "x": 915,
                            "y": -1076
                        },
                        {
                            "x": 1384,
                            "y": -1549
                        },
                        {
                            "x": 1836,
                            "y": -1101
                        },
                        {
                            "x": 1754,
                            "y": -1018
                        },
                        {
                            "x": 1950,
                            "y": -824
                        },
                        {
                            "x": 1802,
                            "y": -675
                        },
                        {
                            "x": 1709,
                            "y": -768
                        },
                        {
                            "x": 1568,
                            "y": -626
                        },
                        {
                            "x": 1505,
                            "y": -689
                        }
                    ]
                }
            ],
            "id": "201",
            "ifcIds": [
                39234
            ],
            "levels": [
                0
            ],
            "north": [
                0.0,
                1.0
            ]
        }
    },
    "v2": {
        "aptInfos": {
            "ifcIds": [
                39234
            ],
            "name": "201",
            "north": [
                0.0,
                1.0
            ]
        },
        "floors": [
            {
                "elements": [
                    301,
                    201,
                    202,
                    203,
                    204,
                    302,
                    306,
                    307
                ],
                "id": 401,
                "level": 0
            }
        ],
        "linears": [
            {
                "category": "doorWindow",
                "externalSpaces": [],
                "geometry": [
                    1011,
                    1012
                ],
                "id": 201,
                "length": 90.00000000002251,
                "sillHeight": 0
            },
            {
                "category": "doorWindow",
                "externalSpaces": [],
                "geometry": [
                    1013,
                    1014
                ],
                "id": 202,
                "length": 90.00000000002225,
                "sillHeight": 0
            },
            {
                "category": "doorWindow",
                "externalSpaces": [
                    302
                ],
                "geometry": [
                    1015,
                    1016
                ],
                "id": 203,
                "length": 260.0000000000208,
                "sillHeight": 0
            },
            {
                "category": "frontDoor",
                "geometry": [
                    1017,
                    1018
                ],
                "id": 204,
                "length": 99.99999999998974
            }
        ],
        "spaces": [
            {
                "area": 518380.40946978965,
                "category": "empty",