{
  "meta": {
    "cacheKey": "102_0",
    "projectSlug": "test-base",
    "slug": "102"
  },
  "v1": {
    "apartment": {
      "area": 706265,
      "blueprints": [
        {
          "externalSpaces": [
            {
              "area": 271966.285806251,
              "polygon": [
                [
                  741.901320861,
                  1687.4241331380174
                ],
                [
                  656.7148602291302,
                  1773.3555257424953
                ],
                [
                  -4.423634915460252,
                  1117.9483842793497
                ],
                [
                  805.1395879256484,
                  301.3057555788026
                ],
                [
                  915.1071415670019,
                  410.320009801002
                ],
                [
                  910.8200550213081,
                  414.64458572955743
                ],
                [
                  945.4427514356578,
                  448.9671403854674
                ],
                [
                  259.82161913119364,
                  1140.6161102856001
                ],
                [
                  774.9075524877617,
                  1651.2884470337372
                ],
                [
                  740.4809625304817,
                  1686.016087773706
                ]
              ],
              "type": "balcony",
              "windows": [
                0,
                1,
                2,
                3,
                4,
                5
              ]
            }
          ],
          "externalWalls": [
            0,
            1,
            2,
            3
          ],
          "fixedItems": [
            {
              "coef1": 569,
              "coef2": 927,
              "sillHeight": 0,
              "type": "doorWindow",
              "vertex1": 3,
              "vertex2": 0,
              "width": 80
            },
            {
              "coef1": 99,
              "coef2": 223,
              "sillHeight": 0,
              "type": "doorWindow",
              "vertex1": 3,
              "vertex2": 0,
              "width": 80
            },
            {
              "coef1": 332,
              "coef2": 456,
              "sillHeight": 0,
              "type": "doorWindow",
              "vertex1": 3,
              "vertex2": 0,
              "width": 80
            },
            {
              "coef1": 113,
              "coef2": 205,
              "sillHeight": 0,
              "type": "doorWindow",
              "vertex1": 0,
              "vertex2": 1,
              "width": 80
            },
            {
              "coef1": 441,
              "coef2": 533,
              "sillHeight": 0,
              "type": "doorWindow",
              "vertex1": 0,
              "vertex2": 1,
              "width": 80
            },
            {
              "coef1": 830,
              "coef2": 922,
              "sillHeight": 0,
              "type": "doorWindow",
              "vertex1": 0,
              "vertex2": 1,
              "width": 80
            },
            {
              "coef1": 2,
              "coef2": 104,
              "type": "frontDoor",
              "vertex1": 2,
              "vertex2": 3,
              "width": 90
            },
            {
              "coef1": 436,
              "coef2": 593,
              "type": "duct",
              "vertex1": 2,
              "vertex2": 3,
              "width": 52
            }
          ],
          "forbiddenZones": [],
          "level": 0,
          "loadBearingWalls": [
            [
              4,
              5
            ],
            [
              6,
              7
            ]
          ],
          "rooms": [],
          "unsplittableZones": [],
          "vertices": [
            {
              "x": 260,
              "y": 1141
            },
            {
              "x": 946,
              "y": 449
            },
            {
              "x": 1461,
              "y": 960
            },
            {
              "x": 775,
              "y": 1651
            },
            {
              "x": 825,
              "y": 1146
            },
            {
              "x": 781,
              "y": 1103
            },
            {
              "x": 549,
              "y": 873
            },
            {
              "x": 536,
              "y": 860
            }
          ]
        }
      ],
      "id": "102",
      "ifcIds": [
        47438
      ],
      "levels": [
        0
      ],
      "north": [
        0.0,
        1.0
      ]
    }
  },
  "v2": {
    "aptInfos": {
      "north": [
        0.0,
        1.0
      ]
    },
    "floors": [
      {
        "elements": [
          301,
          201,
          202,
          203,
          204,
          205,
          206,
          207,
          302,
          303,
          304,
          305
        ],
        "id": 401,
        "level": 0
      }
    ],
    "linears": [
      {
        "category": "doorWindow",
        "externalSpaces": [
          302
        ],
        "geometry": [
          105,
          106
        ],
        "id": 201,
        "length": 260.0000000000062,
        "sillHeight": 0
      },
      {
        "category": "doorWindow",
        "externalSpaces": [
          302
        ],
        "geometry": [
          107,
          108
        ],
        "id": 202,
        "length": 89.99999999998518,
        "sillHeight": 0
      },
      {
        "category": "doorWindow",
        "externalSpaces": [
          302
        ],
        "geometry": [
          109,
          1010
        ],
        "id": 203,
        "length": 89.99999999999964,
        "sillHeight": 0
      },
      {
        "category": "doorWindow",
        "externalSpaces": [
          302
        ],
        "geometry": [
          1011,
          1012
        ],
        "id": 204,
        "length": 89.99999999995632,
        "sillHeight": 0
      },
      {
        "category": "doorWindow",
        "externalSpaces": [
          302
        ],
        "geometry": [
          1013,
          1014
        ],
        "id": 205,
        "length": 89.99999999996119,
        "sillHeight": 0
      },
      {
        "category": "doorWindow",
        "externalSpaces": [
          302
        ],
        "geometry": [
          1015,
          1016
        ],
        "id": 206,
        "length": 89.99999999994806,
        "sillHeight": 0
      },
      {
        "category": "frontDoor",
        "geometry": [
          1017,
          1018
        ],
        "id": 207,
        "length": 99.99999999999244
      }
    ],
    "spaces": [
      {
        "area": 706265.1642684181,
        "category": "empty",
        "geometry": [
          101,
          102,
          103,
          104
        ],
        "id": 301
      },
      {
        "area": 27196628.580625102,
        "category": "balcony",
        "geometry": [
          1019,
          1020,
          1021,
          1022,
          1023,
          1024,
          1025,
          1026,
          1027,
          1028
        ],
        "id": 302
      },
      {
        "area": 1199.9999999992078,
        "category": "loadBearingWall",
        "geometry": [
          1029,
          1030,
          1031,
          1032
        ],
        "id": 303
      },
      {
        "area": 310.84631428511113,
        "category": "loadBearingWall",
        "geometry": [
          1033,
          1034,
          1035,
          1036
        ],
        "id": 304
      },
      {
        "area": 7929.999680522513,
        "category": "duct",
        "geometry": [
          1037,
          1038,
          1039,
          1040
        ],
        "id": 305
      }
    ],
    "vertices": [
      {
        "id": 101,
        "x": 259.92117933,
        "y": 1140.62547868
      },
      {
        "id": 102,
        "x": 945.5137692680386,