{
  "meta": {
    "cacheKey": "113_0",
    "projectSlug": "test-base",
    "slug": "grenoble_113"
  },
  "v1": {
    "apartment": {
      "area": 449038,
      "blueprints": [
        {
          "externalSpaces": [
            {
              "area": 111149.15446945369,
              "polygon": [
                [
                  918.1028235850041,
                  407.78324338500397
                ],
                [
                  808.0265807340938,
                  298.66124217081034
                ],
                [
                  1255.6039476478204,
                  -152.8300646854462
                ],
                [
                  1480.2341712319442,
                  -159.26378699557918
                ],
                [
                  1444.662911459292,
                  -123.38146642155034
                ],
                [
                  1479.390623360337,
                  -88.95480570899777
                ],
                [
                  959.870751038681,
                  435.1081130921442
                ],
                [
                  925.1430445645532,
                  400.6814576255248
                ]
              ],
              "type": "balcony",
              "windows": [
                0,
                1
              ]
            }
          ],
          "externalWalls": [
            0,
            1,
            2,
            3,
            4,
            5,
            6,
            7,
            8,
            9,
            10,
            11
          ],
          "fixedItems": [
            {
              "coef1": 198,
              "coef2": 320,
              "sillHeight": 0,
              "type": "doorWindow",
              "vertex1": 0,
              "vertex2": 1,
              "width": 80
            },
            {
              "coef1": 483,
              "coef2": 835,
              "sillHeight": 0,
              "type": "doorWindow",
              "vertex1": 0,
              "vertex2": 1,
              "width": 80
            },
            {
              "coef1": 217,
              "coef2": 1000,
              "type": "frontDoor",
              "vertex1": 6,
              "vertex2": 7,
              "width": 90
            },
            {
              "coef1": 523,
              "coef2": 1000,
              "type": "duct",
              "vertex1": 2,
              "vertex2": 3,
              "width": 90
            }
          ],
          "forbiddenZones": [],
          "level": 1,
          "loadBearingWalls": [
            [
              12,
              13
            ],
            [
              14,
              15
            ]
          ],
          "rooms": [],
          "unsplittableZones": [],
          "vertices": [
            {
              "x": 960,
              "y": 435
            },
            {
              "x": 1479,
              "y": -89
            },
            {
              "x": 1986,
              "y": 413
            },
            {
              "x": 1824,
              "y": 576
            },
            {
              "x": 1776,
              "y": 528
            },
            {
              "x": 1710,
              "y": 595
            },
            {
              "x": 1758,
              "y": 643
            },
            {
              "x": 1668,
              "y": 733
            },
            {
              "x": 1642,
              "y": 707
            },
            {
              "x": 1600,
              "y": 750
            },
            {
              "x": 1412,
              "y": 563
            },
            {
              "x": 1252,
              "y": 725
            },
            {
              "x": 1424,
              "y": 496
            },
            {
              "x": 1380,
              "y": 452
            },
            {
              "x": 1199,
              "y": 273
            },
            {
              "x": 1159,
              "y": 233
            }
          ]
        }
      ],
      "id": "113",
      "ifcIds": [
        124063
      ],
      "levels": [
        1
      ],
      "north": [
        0.0,
        1.0
      ]
    }
  },
  "v2": {
    "aptInfos": {
      "north": [
        0.0,
        1.0
      ]
    },
    "floors": [
      {
        "elements": [
          301,
          201,
          202,
          203,
          302,
          303,
          304,
          305
        ],
        "id": 401,
        "level": 1
      }
    ],
    "linears": [
      {
        "category": "doorWindow",
        "externalSpaces": [
          302
        ],
        "geometry": [
          1013,
          1014
        ],
        "id": 201,
        "length": 89.99999999999774,
        "sillHeight": 0
      },
      {
        "category": "doorWindow",
        "externalSpaces": [
          302
        ],
        "geometry": [
          1015,
          1016
        ],
        "id": 202,
        "length": 259.9999999999987,
        "sillHeight": 0
      },
      {
        "category": "frontDoor",
        "geometry": [
          1017,
          1018
        ],
        "id": 203,
        "length": 99.99999972507277
      }
    ],
    "spaces": [
      {
        "area": 449038.36201596865,
        "category": "empty",
        "geometry": [
          101,
          102,
          103,
          104,
          105,
          106,
          107,
          108,
          109,
          1010,
          1011,
          1012
        ],
        "id": 301
      },
      {
        "area": 11114915.44694537,
        "category": "balcony",
        "geometry": [
          1019,
          1020,
          1021,
          1022,
          1023,
          1024,
          1025,
          1026
        ],
        "id": 302
      },
      {
        "area": 1199.9999999992103,
        "category": "loadBearingWall",
        "geometry": [
          1027,
          1028,
          1029,
          1030
        ],
        "id": 303
      },
      {
        "area": 1101.0586092152862,
        "category": "loadBearingWall",
        "geometry": [
          1031,
          1032,
          1033,
          1034
        ],
        "id": 304
      },
      {
        "area": 9832.760964270543,
        "category": "duct",
        "geometry": [
          1035,
          1036,
          1037,
          1038,
          1039
        ],
        "id": 305
      }
    ],
    "vertices": [
      {
        "id": 101,
        "x": 959.9417688699999,
        "y": 435.178515277
      },
      {
        "id": 102,
        "x": 1479.461641191801,
        "y": -88.88440352427206
      },
      {
        "id": 103,
        "x": 1985.8618479240904,
        "y": 413.1258686069699
      },
      {
        "id": 104,
        "x": 1824.4627975034673,
        "y": 575.9363027372476
      },
      {
        "id": 105,
        "x": 1776.1706695474072,
        "y": 528.06282677463
      },
      {
        "id": 106,
        "x": 1709.992627880229,
        "y": 594.819590524444
      },
      {
        "id": 107,
        "x": 1758.2847561816852,
        "y": 642.6930607140979
      },
      {
        "id": 108,
        "x": 1668.3962540153182,
        "y": 733.3676179179007
      },
      {
        "id": 109,
        "x": 1642.1488962057276,
        "y": 707.3477976730877
      },
      {
        "id": 1010,
        "x": 1599.9075956835363,
        "y": 749.9585053348601
      },
      {
        "id": 1011,
        "x": 1411.718642891747,
        "y": 563.4009466535445
      },
      {
        "id": 1012,
        "x": 1251.9056845327352,
        "y": 724.6114250113176
      },
      {
        "id": 1013,
        "x": 1062.6257857122916,
        "y": 331.59655730470195
      },
      {
        "id": 1014,
        "x": 1125.9877522403447,
        "y": 267.6805092596493
      },
      {
        "id": 1015,
        "x": 1210.698211539729,
        "y": 182.2292822352988
      },
      {
        "id": 1016,
        "x": 1393.7438926207747,