{
  "meta": {
    "cacheKey": "114_0",
    "projectSlug": "test-base",
    "slug": "grenoble_114"
  },
  "v1": {
    "apartment": {
      "area": 750005,
      "blueprints": [
        {
          "externalSpaces": [
            {
              "area": 272707.0816071671,
              "polygon": [
                [
                  741.90132086368,
                  1687.4241331348378
                ],
                [
                  656.7148602317321,
                  1773.3555257393946
                ],
                [
                  -4.289777310366844,
                  1118.081081478508
                ],
                [
                  808.0265807340941,
                  298.66124217081034
                ],
                [
                  918.1028235850029,
                  407.7832433850027
                ],
                [
                  911.0626018453395,
                  414.8850299112445
                ],
                [
                  945.7913565155444,
                  449.3127233023191
                ],
                [
                  260.17022281019365,
                  1140.9616946156
                ],
                [
                  766.5981081321739,
                  1643.0510365458056
                ],
                [
                  732.1715181766115,
                  1677.7786772841132
                ]
              ],
              "type": "balcony",
              "windows": [
                0,
                1,
                2,
                3
              ]
            }
          ],
          "externalWalls": [
            0,
            1,
            2,
            3,
            4,
            5,
            6,
            7
          ],
          "fixedItems": [
            {
              "coef1": 111,
              "coef2": 186,
              "sillHeight": 0,
              "type": "doorWindow",
              "vertex1": 0,
              "vertex2": 1,
              "width": 80
            },
            {
              "coef1": 441,
              "coef2": 533,
              "sillHeight": 0,
              "type": "doorWindow",
              "vertex1": 0,
              "vertex2": 1,
              "width": 80
            },
            {
              "coef1": 830,
              "coef2": 922,
              "sillHeight": 0,
              "type": "doorWindow",
              "vertex1": 0,
              "vertex2": 1,
              "width": 80
            },
            {
              "coef1": 563,
              "coef2": 927,
              "sillHeight": 0,
              "type": "doorWindow",
              "vertex1": 7,
              "vertex2": 0,
              "width": 80
            },
            {
              "coef1": 5,
              "coef2": 213,
              "sillHeight": 0,
              "type": "doorWindow",
              "vertex1": 7,
              "vertex2": 0,
              "width": 80
            },
            {
              "coef1": 2,
              "coef2": 104,
              "type": "frontDoor",
              "vertex1": 6,
              "vertex2": 7,
              "width": 90
            },
            {
              "coef1": 419,
              "coef2": 527,
              "type": "duct",
              "vertex1": 6,
              "vertex2": 7,
              "width": 65
            },
            {
              "coef1": 749,
              "coef2": 912,
              "type": "duct",
              "vertex1": 4,
              "vertex2": 5,
              "width": 70
            }
          ],
          "forbiddenZones": [],
          "level": 1,
          "loadBearingWalls": [
            [
              8,
              9
            ],
            [
              10,
              11
            ]
          ],
          "rooms": [],
          "unsplittableZones": [],
          "vertices": [
            {
              "x": 260,
              "y": 1141
            },
            {
              "x": 946,
              "y": 449
            },
            {
              "x": 1252,
              "y": 753
            },
            {
              "x": 1412,
              "y": 592
            },
            {
              "x": 1586,
              "y": 764
            },
            {
              "x": 1426,
              "y": 925
            },
            {
              "x": 1452,
              "y": 951
            },
            {
              "x": 767,
              "y": 1643
            },
            {
              "x": 825,
              "y": 1146
            },
            {
              "x": 781,
              "y": 1103
            },
            {
              "x": 549,
              "y": 873
            },
            {
              "x": 537,
              "y": 861
            }
          ]
        }
      ],
      "id": "114",
      "ifcIds": [
        113444
      ],
      "levels": [
        1
      ],
      "north": [
        0.0,
        1.0
      ]
    }
  },
  "v2": {
    "aptInfos": {
      "north": [
        0.0,
        1.0
      ]
    },
    "floors": [
      {
        "elements": [
          301,
          201,
          202,
          203,
          204,
          205,
          206,
          302,
          303,
          304,
          305,
          306
        ],
        "id": 401,
        "level": 1
      }
    ],
    "linears": [
      {
        "category": "doorWindow",
        "externalSpaces": [
          302
        ],
        "geometry": [
          109,
          1010
        ],
        "id": 201,
        "length": 72.24351975568848,
        "sillHeight": 0
      },
      {
        "category": "doorWindow",
        "externalSpaces": [
          302
        ],
        "geometry": [
          1011,
          1012
        ],
        "id": 202,
        "length": 90.00000000002021,
        "sillHeight": 0
      },
      {
        "category": "doorWindow",
        "externalSpaces": [
          302
        ],
        "geometry": [
          1013,
          1014
        ],
        "id": 203,
        "length": 89.99999999998992,
        "sillHeight": 0
      },
      {
        "category": "doorWindow",
        "externalSpaces": [
          302
        ],
        "geometry": [
          1015,
          1016
        ],
        "id": 204,
        "length": 260.000000000013,
        "sillHeight": 0
      },
      {
        "category": "doorWindow",
        "externalSpaces": [
          302
        ],
        "geometry": [
          1017,
          1018
        ],
        "id": 205,
        "length": 148.7933566646436,
        "sillHeight": 0
      },
      {
        "category": "frontDoor",
        "geometry": [
          1019,
          1020
        ],
        "id": 206,
        "length": 100.00000000000844
      }
    ],
    "spaces": [
      {
        "area": 750005.2716743455,
        "category": "empty",
        "geometry": [
          101,
          102,
          103,
          104,
          105,
          106,
          107,
          108
        ],
        "id": 301
      },
      {
        "area": 27270708.16071671,
        "category": "balcony",
        "geometry": [
          1021,
          1022,
          1023,
          1024,
          1025,
          1026,
          1027,
          1028,
          1029,
          1030
        ],
        "id": 302
      },
      {
        "area": 1199.9999999992078,
        "category": "loadBearingWall",
        "geometry": [
          1031,
          1032,
          1033,
          1034
        ],
        "id": 303
      },
      {
        "area": 301.0289204527337,
        "category": "loadBearingWall",
        "geometry": [
          1035,
          1036,
          1037,
          1038
        ],
        "id": 304
      },
      {
        "area": 6828.657587955328,
        "category": "duct",
        "geometry": [
          1039,
          1040,
          1041,
          1042,
          1043
        ],