{
    "hashKey": "122_0",
    "v1": {
        "apartment": {
            "area": 687148,
            "blueprints": [
                {
                    "externalSpaces": [
                        {
                            "area": 112355.13574662957,
                            "polygon": [
                                [
                                    2721.3999335296694,
                                    -588.7793491940868
                                ],
                                [
                                    2836.8799606339926,
                                    -678.7480256703107
                                ],
                                [
                                    3357.6824298331157,
                                    -13.760357311279956
                                ],
                                [
                                    3263.4880802899993,
                                    81.25769569480026
                                ],
                                [
                                    3248.8625686643145,
                                    62.48941032742175
                                ],
                                [
                                    3214.1556668066123,
                                    97.49981415716933
                                ],
                                [
                                    2697.962916005952,
                                    -565.137401852703
                                ]
                            ],
                            "type": "balcony",
                            "windows": [
                                0,
                                1,
                                2
                            ]
                        }
                    ],
                    "externalWalls": [
                        0,
                        1,
                        2,
                        3,
                        4,
                        5
                    ],
                    "fixedItems": [
                        {
                            "coef1": 42,
                            "coef2": 149,
                            "sillHeight": 0,
                            "type": "doorWindow",
                            "vertex1": 2,
                            "vertex2": 3,
                            "width": 80
                        },
                        {
                            "coef1": 437,
                            "coef2": 544,
                            "sillHeight": 0,
                            "type": "doorWindow",
                            "vertex1": 2,
                            "vertex2": 3,
                            "width": 80
                        },
                        {
                            "coef1": 647,
                            "coef2": 956,
                            "sillHeight": 0,
                            "type": "doorWindow",
                            "vertex1": 2,
                            "vertex2": 3,
                            "width": 80
                        },
                        {
                            "coef1": 679,
                            "coef2": 836,
                            "sillHeight": 0,
                            "type": "doorWindow",
                            "vertex1": 3,
                            "vertex2": 4,
                            "width": 80
                        },
                        {
                            "coef1": 50,
                            "coef2": 351,
                            "type": "frontDoor",
                            "vertex1": 0,
                            "vertex2": 1,
                            "width": 90
                        },
                        {
                            "coef1": 241,
                            "coef2": 371,
                            "type": "duct",
                            "vertex1": 1,
                            "vertex2": 2,
                            "width": 55
                        }
                    ],
                    "forbiddenZones": [],
                    "level": 2,
                    "loadBearingWalls": [
                        [
                            6,
                            7
                        ],
                        [
                            8,
                            9
                        ],
                        [
                            10,
                            11
                        ]
                    ],
                    "rooms": [],
                    "unsplittableZones": [],
                    "vertices": [
                        {
                            "x": 2106,
                            "y": 504
                        },
                        {
                            "x": 1870,
                            "y": 270
                        },
                        {
                            "x": 2698,
                            "y": -565
                        },
                        {
                            "x": 3214,
                            "y": 98
                        },
                        {
                            "x": 2810,
                            "y": 505
                        },
                        {
                            "x": 2454,
                            "y": 152
                        },
                        {
                            "x": 2662,
                            "y": -132
                        },
                        {
                            "x": 2713,
                            "y": -82
                        },
                        {
                            "x": 2274,
                            "y": 336
                        },
                        {
                            "x": 2253,
                            "y": 315
                        },
                        {
                            "x": 2448,
                            "y": 160
                        },
                        {
                            "x": 2429,
                            "y": 142
                        }
                    ]
                }
            ],
            "id": "122",
            "ifcIds": [
                128707
            ],
            "levels": [
                2
            ],
            "north": [
                0.0,
                1.0
            ]
        }
    },
    "v2": {
        "aptInfos": {
            "ifcIds": [
                128707
            ],
            "name": "122",
            "north": [
                0.0,
                1.0
            ]
        },
        "floors": [
            {
                "elements": [
                    301,
                    201,
                    202,
                    203,
                    204,
                    205,
                    302,
                    303,
                    304,
                    305,
                    306
                ],
                "id": 401,
                "level": 2
            }
        ],
        "linears": [
            {
                "category": "window",
                "externalSpaces": [
                    302,
                    302,
                    302
                ],
                "geometry": [
                    107,
                    108
                ],
                "id": 201,
                "length": 89.99999999993516,
                "sillHeight": 216769.9
            },
            {
                "category": "window",
                "externalSpaces": [],
                "geometry": [
                    109,
                    1010
                ],
                "id": 202,
                "length": 89.99999999998438,