{
  "meta": {
    "cacheKey": "212_0",
    "projectSlug": "test-base",
    "slug": "grenoble_212"
  },
  "v1": {
    "apartment": {
      "area": 838869,
      "blueprints": [
        {
          "externalSpaces": [
            {
              "area": 145366.13253868525,
              "polygon": [
                [
                  2361.076076136679,
                  -997.6329087274537
                ],
                [
                  1770.3132708119251,
                  -1755.9097599407646
                ],
                [
                  1778.1006234664153,
                  -1763.765210801089
                ],
                [
                  1657.3337589169691,
                  -1883.4851576187502
                ],
                [
                  1786.7210918981789,
                  -2014.0039469425913
                ],
                [
                  2482.854493425861,
                  -1120.4762523628592
                ]
              ],
              "type": "wintergarden",
              "windows": [
                2,
                3,
                4
              ]
            },
            {
              "area": 221924.5188633419,
              "polygon": [
                [
                  1657.2654731868588,
                  -1883.4120416800372
                ],
                [
                  1777.9592034500783,
                  -1763.7645951536622
                ],
                [
                  1006.2990427093009,
                  -985.3456713968393
                ],
                [
                  1277.9535335649005,
                  -715.9592007733501
                ],
                [
                  1134.2464631099997,
                  -570.9954518430003
                ],
                [
                  741.8844926511108,
                  -959.9552674662075
                ]
              ],
              "type": "balcony",
              "windows": [
                0,
                5,
                6,
                7
              ]
            }
          ],
          "externalWalls": [
            0,
            1,
            2,
            3,
            4,
            5,
            6,
            7,
            8,
            9
          ],
          "fixedItems": [
            {
              "coef1": 605,
              "coef2": 743,
              "sillHeight": 0,
              "type": "doorWindow",
              "vertex1": 9,
              "vertex2": 0,
              "width": 80
            },
            {
              "coef1": 174,
              "coef2": 312,
              "sillHeight": 0,
              "type": "doorWindow",
              "vertex1": 9,
              "vertex2": 0,
              "width": 80
            },
            {
              "coef1": 895,
              "coef2": 989,
              "sillHeight": 0,
              "type": "doorWindow",
              "vertex1": 1,
              "vertex2": 2,
              "width": 80
            },
            {
              "coef1": 446,
              "coef2": 540,
              "sillHeight": 0,
              "type": "doorWindow",
              "vertex1": 1,
              "vertex2": 2,
              "width": 80
            },
            {
              "coef1": 35,
              "coef2": 305,
              "sillHeight": 20,
              "type": "doorWindow",
              "vertex1": 1,
              "vertex2": 2,
              "width": 80
            },
            {
              "coef1": 656,
              "coef2": 739,
              "sillHeight": 0,
              "type": "doorWindow",
              "vertex1": 0,
              "vertex2": 1,
              "width": 80
            },
            {
              "coef1": 376,
              "coef2": 459,
              "sillHeight": 0,
              "type": "doorWindow",
              "vertex1": 0,
              "vertex2": 1,
              "width": 80
            },
            {
              "coef1": 127,
              "coef2": 210,
              "sillHeight": 0,
              "type": "doorWindow",
              "vertex1": 0,
              "vertex2": 1,
              "width": 80
            },
            {
              "coef1": 541,
              "coef2": 1000,
              "type": "frontDoor",
              "vertex1": 6,
              "vertex2": 7,
              "width": 90
            },
            {
              "coef1": 116,
              "coef2": 995,
              "type": "duct",
              "vertex1": 12,
              "vertex2": 13,
              "width": 104
            },
            {
              "coef1": 0,
              "coef2": 1000,
              "type": "duct",
              "vertex1": 14,
              "vertex2": 15,
              "width": 100
            }
          ],
          "forbiddenZones": [],
          "level": 1,
          "loadBearingWalls": [
            [
              10,
              11
            ],
            [
              12,
              13
            ]
          ],
          "rooms": [],
          "unsplittableZones": [],
          "vertices": [
            {
              "x": 1006,
              "y": -985
            },
            {
              "x": 1770,
              "y": -1756
            },
            {
              "x": 2361,
              "y": -997
            },
            {
              "x": 2057,
              "y": -690
            },
            {
              "x": 2003,
              "y": -744
            },
            {
              "x": 2023,
              "y": -764
            },
            {
              "x": 1956,
              "y": -830
            },
            {
              "x": 1802,
              "y": -675
            },
            {
              "x": 1709,
              "y": -767
            },
            {
              "x": 1470,
              "y": -526
            },
            {
              "x": 1485,
              "y": -981
            },
            {
              "x": 1249,
              "y": -743
            },
            {
              "x": 1736,
              "y": -1125
            },
            {
              "x": 1797,
              "y": -1187
            },
            {
              "x": 1578,
              "y": -1249
            },
            {
              "x": 1517,
              "y": -1187
            }
          ]
        }
      ],
      "id": "212",
      "ifcIds": [
        115590
      ],
      "levels": [
        1
      ],
      "north": [
        0.0,
        1.0
      ]
    }
  },
  "v2": {
    "aptInfos": {
      "north": [
        0.0,
        1.0
      ]
    },
    "floors": [
      {
        "elements": [
          301,
          201,
          202,
          203,
          204,
          205,
          206,
          207,
          208,
          209,
          302,
          303,
          304,
          306,
          307
        ],
        "id": 401,
        "level": 1
      }
    ],
    "linears": [
      {
        "category": "doorWindow",
        "externalSpaces": [
          303
        ],
        "geometry": [
          1011,
          1012
        ],
        "id": 201,
        "length": 89.99999999998914,
        "sillHeight": 0
      },
      {
        "category": "doorWindow",
        "externalSpaces": [],
        "geometry": [
          1013,
          1014
        ],
        "id": 202,
        "length": 89.99999999999969,
        "sillHeight": 0
      },
      {
        "category": "doorWindow",
        "externalSpaces": [
          302
        ],
        "geometry": [
          1015,
          1016
        ],
        "id": 203,
        "length": 90.00000000002593,
        "sillHeight": 0
      },
      {
        "category": "doorWindow",
        "externalSpaces": [
          302
        ],
        "geometry": [
          1017,
          1018
        ],
        "id": 204,
        "length": 89.99999999997783,
        "sillHeight": 0
      },
      {
        "category": "doorWindow",