{
    "hashKey": "LT101_0",
    "v1": {
        "apartment": {
            "area": 657520,
            "blueprints": [
                {
                    "externalSpaces": [
                        {
                            "area": 43058.30124793557,
                            "polygon": [
                                [
                                    2213.89646951,
                                    -83.14882519920002
                                ],
                                [
                                    2245.400416415798,
                                    -145.6588351934836
                                ],
                                [
                                    2825.868958005334,
                                    146.88251050242437
                                ],
                                [
                                    2778.630001041664,
                                    240.54352633260697
                                ],
                                [
                                    2229.420306417861,
                                    -36.1831259574526
                                ],
                                [
                                    2245.151475532758,
                                    -67.39685122940833
                                ]
                            ],
                            "type": "terrace",
                            "windows": [
                                2,
                                3
                            ]
                        }
                    ],
                    "externalWalls": [
                        0,
                        1,
                        2,
                        3,
                        4,
                        5,
                        6,
                        7
                    ],
                    "fixedItems": [
                        {
                            "coef1": 300,
                            "coef2": 517,
                            "sillHeight": 0,
                            "type": "doorWindow",
                            "vertex1": 2,
                            "vertex2": 3,
                            "width": 80
                        },
                        {
                            "coef1": 761,
                            "coef2": 978,
                            "sillHeight": 0,
                            "type": "doorWindow",
                            "vertex1": 2,
                            "vertex2": 3,
                            "width": 80
                        },
                        {
                            "coef1": 21,
                            "coef2": 341,
                            "sillHeight": 0,
                            "type": "doorWindow",
                            "vertex1": 4,
                            "vertex2": 5,
                            "width": 80
                        },
                        {
                            "coef1": 574,
                            "coef2": 782,
                            "sillHeight": 0,
                            "type": "doorWindow",
                            "vertex1": 4,
                            "vertex2": 5,
                            "width": 80
                        },
                        {
                            "coef1": 397,
                            "coef2": 542,
                            "type": "frontDoor",
                            "vertex1": 1,
                            "vertex2": 2,
                            "width": 90
                        },
                        {
                            "coef1": 306,
                            "coef2": 423,
                            "type": "duct",
                            "vertex1": 3,
                            "vertex2": 4,
                            "width": 57
                        },
                        {
                            "coef1": 243,
                            "coef2": 351,
                            "type": "duct",
                            "vertex1": 1,
                            "vertex2": 2,
                            "width": 65
                        }
                    ],
                    "forbiddenZones": [],
                    "level": 4,
                    "loadBearingWalls": [],
                    "rooms": [],
                    "unsplittableZones": [],
                    "vertices": [
                        {
                            "x": 2952,
                            "y": 603
                        },
                        {
                            "x": 2646,
                            "y": 449
                        },
                        {
                            "x": 2344,
                            "y": 1046
                        },
                        {
                            "x": 1818,
                            "y": 781
                        },
                        {
                            "x": 2229,
                            "y": -36
                        },
                        {
                            "x": 2779,
                            "y": 241
                        },
                        {
                            "x": 2826,
                            "y": 147
                        },
                        {
                            "x": 3109,
                            "y": 290
                        }
                    ]
                }
            ],
            "id": "LT101",
            "ifcIds": [
                198464,
                220690
            ],
            "levels": [
                4
            ],
            "north": [
                0.0,
                1.0
            ]
        }
    },
    "v2": {
        "aptInfos": {
            "ifcIds": [
                198464,
                220690
            ],
            "name": "LT101",
            "north": [
                0.0,
                1.0
            ]
        },
        "floors": [
            {
                "elements": [
                    301,
                    201,
                    202,
                    203,
                    204,
                    205,
                    302,
                    304,
                    305
                ],
                "id": 401,
                "level": 4
            }
        ],
        "linears": [
            {
                "category": "window",
                "externalSpaces": [
                    302,
                    302
                ],
                "geometry": [
                    109,
                    1010
                ],
                "id": 201,
                "length": 128.0000000001714,
                "sillHeight": 13829.9
            },
            {
                "category": "window",
                "externalSpaces": [],
                "geometry": [
                    1011,
                    1012
                ],
                "id": 202,
                "length": 128.00000000011562,
                "sillHeight": 13829.9
            },
            {
                "category": "window",
                "externalSpaces": [],
                "geometry": [
                    1013,
                    1014
                ],
                "id": 203,
                "length": 197.09174153000237,
                "sillHeight": 13829.9
            },
            {
                "category": "window",
                "externalSpaces": [],
                "geometry": [
                    1015,
                    1016
                ],
                "id": 204,
                "length": 128.00000000001498,
                "sillHeight": 13829.9
            },
            {
                "category": "frontDoor",