{
    "hashKey": "A605_0",
    "v1": {
        "apartment": {
            "area": 395545,
            "blueprints": [
                {
                    "externalSpaces": [
                        {
                            "area": 70007.42406458985,
                            "polygon": [
                                [
                                    3414.8795861955996,
                                    1246.446336834341
                                ],
                                [
                                    3347.192776652929,
                                    1172.501034159245
                                ],
                                [
                                    3862.045993655744,
                                    701.2233413108236
                                ],
                                [
                                    3951.3076977699993,
                                    798.738407726595
                                ],
                                [
                                    3436.454480770215,
                                    1270.0161005722414
                                ]
                            ],
                            "type": "loggia",
                            "windows": [
                                0,
                                1,
                                2
                            ]
                        }
                    ],
                    "externalWalls": [
                        0,
                        1,
                        2,
                        3
                    ],
                    "fixedItems": [
                        {
                            "coef1": 51,
                            "coef2": 247,
                            "sillHeight": 0,
                            "type": "doorWindow",
                            "vertex1": 0,
                            "vertex2": 1,
                            "width": 80
                        },
                        {
                            "coef1": 402,
                            "coef2": 598,
                            "sillHeight": 0,
                            "type": "doorWindow",
                            "vertex1": 0,
                            "vertex2": 1,
                            "width": 80
                        },
                        {
                            "coef1": 753,
                            "coef2": 949,
                            "sillHeight": 0,
                            "type": "doorWindow",
                            "vertex1": 0,
                            "vertex2": 1,
                            "width": 80
                        },
                        {
                            "coef1": 262,
                            "coef2": 407,
                            "type": "frontDoor",
                            "vertex1": 2,
                            "vertex2": 3,
                            "width": 90
                        },
                        {
                            "coef1": 141,
                            "coef2": 314,
                            "type": "duct",
                            "vertex1": 3,
                            "vertex2": 0,
                            "width": 50
                        },
                        {
                            "coef1": 0,
                            "coef2": 1000,
                            "type": "duct",
                            "vertex1": 4,
                            "vertex2": 5,
                            "width": 72
                        }
                    ],
                    "forbiddenZones": [],
                    "level": 6,
                    "loadBearingWalls": [],
                    "rooms": [],
                    "unsplittableZones": [],
                    "vertices": [
                        {
                            "x": 3437,
                            "y": 1270
                        },
                        {
                            "x": 3951,
                            "y": 799
                        },
                        {
                            "x": 4334,
                            "y": 1217
                        },
                        {
                            "x": 3819,
                            "y": 1688
                        },
                        {
                            "x": 3938,
                            "y": 1251
                        },
                        {
                            "x": 3986,
                            "y": 1304
                        }
                    ]
                }
            ],
            "id": "A605",
            "ifcIds": [
                797107
            ],
            "levels": [
                6
            ],
            "north": [
                0.0,
                1.0
            ]
        }
    },
    "v2": {
        "aptInfos": {
            "ifcIds": [
                797107
            ],
            "name": "A605",
            "north": [
                0.0,
                1.0
            ]
        },
        "floors": [
            {
                "elements": [
                    301,
                    201,
                    202,
                    203,
                    204,
                    302,
                    303,
                    304
                ],
                "id": 401,
                "level": 6
            }
        ],
        "linears": [
            {
                "category": "doorWindow",
                "externalSpaces": [
                    302],
                "geometry": [
                    105,
                    106
                ],
                "id": 201,
                "length": 136.59999999944225,
                "sillHeight": 0
            },
            {
                "category": "doorWindow",
                "externalSpaces": [302],
                "geometry": [
                    107,
                    108
                ],
                "id": 202,
                "length": 136.5999999994936,
                "sillHeight": 0
            },
            {
                "category": "doorWindow",
                "externalSpaces": [302],
                "geometry": [
                    109,
                    1010
                ],
                "id": 203,
                "length": 136.59999999968232,
                "sillHeight": 0
            },
            {
                "category": "frontDoor",
                "geometry": [
                    1011,
                    1012
                ],
                "id": 204,
                "length": 101.33478554861253
            }
        ],
        "spaces": [
            {
                "area": 395545.4358741089,
                "category": "empty",
                "geometry": [
                    101,
                    102,
                    103,
                    104
                ],
                "id": 301
            },
            {
                "area": 7000742.406458985,
                "category": "loggia",
                "geometry": [
                    1013,
                    1014,
                    1015,
                    1016,
                    1017
                ],
                "id": 302
            },
            {
                "area": 4890.3347635367545,
                "category": "duct",
                "geometry": [
                    1018,
                    1019,
                    1020,
                    1021
                ],
                "id": 303
            },
            {
                "area": 5241.759764442448,
                "category": "duct",
                "geometry": [
                    1022,
                    1023,
                    1024,
                    1025
                ],