{
    "meta": {
        "cacheKey": "B4E2L01_0",
        "cells": [
            "X4E2C01"
        ],
        "projectSlug": "paris-venelles",
        "slug": "B4E2L01"
    },
    "v1": {
        "apartment": {
            "area": 682035,
            "blueprints": [
                {
                    "externalSpaces": [
                        {
                            "area": 13637.4032403151,
                            "polygon": [
                                [
                                    1788.2954742845711,
                                    2207.3926619013473
                                ],
                                [
                                    2017.613202640479,
                                    2322.9647685727236
                                ],
                                [
                                    1978.003919851161,
                                    2401.557354907686
                                ],
                                [
                                    1717.5349866579677,
                                    2270.2855882533063
                                ],
                                [
                                    1757.144269534865,
                                    2191.693001947977
                                ]
                            ],
                            "type": "terrace",
                            "windows": [
                                1,
                                2
                            ]
                        }
                    ],
                    "externalWalls": [
                        0,
                        1,
                        2,
                        3,
                        4,
                        5
                    ],
                    "fixedItems": [
                        {
                            "coef1": 112,
                            "coef2": 789,
                            "sillHeight": 0,
                            "type": "doorWindow",
                            "vertex1": 1,
                            "vertex2": 2,
                            "width": 80
                        },
                        {
                            "coef1": 0,
                            "coef2": 1000,
                            "sillHeight": 0,
                            "type": "doorWindow",
                            "vertex1": 2,
                            "vertex2": 3,
                            "width": 80
                        },
                        {
                            "coef1": 27,
                            "coef2": 977,
                            "sillHeight": 0,
                            "type": "doorWindow",
                            "vertex1": 3,
                            "vertex2": 4,
                            "width": 80
                        },
                        {
                            "coef1": 67,
                            "coef2": 403,
                            "sillHeight": 0,
                            "type": "doorWindow",
                            "vertex1": 5,
                            "vertex2": 0,
                            "width": 80
                        },
                        {
                            "coef1": 650,
                            "coef2": 870,
                            "sillHeight": 0,
                            "type": "doorWindow",
                            "vertex1": 5,
                            "vertex2": 0,
                            "width": 80
                        },
                        {
                            "coef1": 270,
                            "coef2": 350,
                            "type": "frontDoor",
                            "vertex1": 0,
                            "vertex2": 1,
                            "width": 90
                        },
                        {
                            "coef1": 413,
                            "coef2": 480,
                            "type": "duct",
                            "vertex1": 0,
                            "vertex2": 1,
                            "width": 79
                        },
                        {
                            "coef1": 530,
                            "coef2": 625,
                            "type": "duct",
                            "vertex1": 4,
                            "vertex2": 5,
                            "width": 70
                        }
                    ],
                    "forbiddenZones": [],
                    "level": 2,
                    "loadBearingWalls": [],
                    "rooms": [],
                    "unsplittableZones": [],
                    "vertices": [
                        {
                            "x": 951,
                            "y": 3147
                        },
                        {
                            "x": 1499,
                            "y": 2061
                        },
                        {
                            "x": 1757,
                            "y": 2192
                        },
                        {
                            "x": 1717,
                            "y": 2270
                        },
                        {
                            "x": 1978,
                            "y": 2402
                        },
                        {
                            "x": 1472,
                            "y": 3410
                        }
                    ]
                }
            ],
            "id": "B4E2L01",
            "ifcIds": [
                267393
            ],
            "levels": [
                2
            ],
            "north": [
                0.0,
                1.0
            ]
        }
    },
    "v2": {
        "aptInfos": {
            "north": [
                0.0,
                1.0
            ]
        },
        "floors": [
            {
                "elements": [
                    301,
                    201,
                    202,
                    203,
                    204,
                    205,
                    206,
                    302,
                    303,
                    304
                ],
                "id": 401,
                "level": 2
            }
        ],
        "linears": [
            {
                "category": "doorWindow",
                "externalSpaces": [],
                "geometry": [
                    109,
                    1010
                ],
                "id": 201,
                "length": 196.00000000000065,
                "sillHeight": 0
            },
            {
                "category": "doorWindow",
                "externalSpaces": [
                    302
                ],
                "geometry": [
                    1011,
                    1012
                ],
                "id": 202,
                "length": 88.10960124999981,
                "sillHeight": 0
            },
            {
                "category": "doorWindow",
                "externalSpaces": [
                    302
                ],
                "geometry": [
                    1013,
                    1014
                ],
                "id": 203,
                "length": 276.99999999994753,
                "sillHeight": 0
            },
            {
                "category": "doorWindow",
                "externalSpaces": [],
                "geometry": [
                    1015,
                    1016
                ],
                "id": 204,
                "length": 196.00000000006824,
                "sillHeight": 0
            },
            {
                "category": "doorWindow",
                "externalSpaces": [],
                "geometry": [
                    1017,
                    1018
                ],