{
    "meta": {
        "cacheKey": "B1E4L01_0",
        "cells": [
            "X1E4C01"
        ],
        "projectSlug": "paris-venelles",
        "slug": "B1E4L01"
    },
    "v1": {
        "apartment": {
            "area": 883974,
            "blueprints": [
                {
                    "externalSpaces": [
                        {
                            "area": 116263.96425433682,
                            "polygon": [
                                [
                                    1245.4617441190185,
                                    492.45216575422637
                                ],
                                [
                                    1797.0435529465794,
                                    770.4393027151443
                                ],
                                [
                                    1779.53654818315,
                                    805.1771032519275
                                ],
                                [
                                    1804.7528145518077,
                                    817.8856400113739
                                ],
                                [
                                    1723.743196102562,
                                    978.6255125782516
                                ],
                                [
                                    1146.9445265599998,
                                    687.9307434739998
                                ]
                            ],
                            "type": "terrace",
                            "windows": [
                                0,
                                1
                            ]
                        }
                    ],
                    "externalWalls": [
                        0,
                        1,
                        2,
                        3,
                        4,
                        5
                    ],
                    "fixedItems": [
                        {
                            "coef1": 108,
                            "coef2": 244,
                            "sillHeight": 0,
                            "type": "doorWindow",
                            "vertex1": 4,
                            "vertex2": 5,
                            "width": 80
                        },
                        {
                            "coef1": 398,
                            "coef2": 534,
                            "sillHeight": 0,
                            "type": "doorWindow",
                            "vertex1": 4,
                            "vertex2": 5,
                            "width": 80
                        },
                        {
                            "coef1": 687,
                            "coef2": 823,
                            "sillHeight": 0,
                            "type": "doorWindow",
                            "vertex1": 4,
                            "vertex2": 5,
                            "width": 80
                        },
                        {
                            "coef1": 141,
                            "coef2": 330,
                            "sillHeight": 0,
                            "type": "doorWindow",
                            "vertex1": 2,
                            "vertex2": 3,
                            "width": 80
                        },
                        {
                            "coef1": 795,
                            "coef2": 983,
                            "sillHeight": 0,
                            "type": "doorWindow",
                            "vertex1": 2,
                            "vertex2": 3,
                            "width": 80
                        },
                        {
                            "coef1": 534,
                            "coef2": 657,
                            "sillHeight": 0,
                            "type": "doorWindow",
                            "vertex1": 2,
                            "vertex2": 3,
                            "width": 80
                        },
                        {
                            "coef1": 468,
                            "coef2": 611,
                            "type": "frontDoor",
                            "vertex1": 5,
                            "vertex2": 0,
                            "width": 90
                        },
                        {
                            "coef1": 55,
                            "coef2": 502,
                            "type": "duct",
                            "vertex1": 8,
                            "vertex2": 9,
                            "width": -67
                        },
                        {
                            "coef1": 735,
                            "coef2": 794,
                            "type": "duct",
                            "vertex1": 3,
                            "vertex2": 4,
                            "width": 67
                        }
                    ],
                    "forbiddenZones": [],
                    "level": 4,
                    "loadBearingWalls": [
                        [
                            6,
                            7
                        ],
                        [
                            8,
                            9
                        ]
                    ],
                    "rooms": [],
                    "unsplittableZones": [],
                    "vertices": [
                        {
                            "x": 1261,
                            "y": -256
                        },
                        {
                            "x": 1172,
                            "y": -301
                        },
                        {
                            "x": 1280,
                            "y": -515
                        },
                        {
                            "x": 2209,
                            "y": -46
                        },
                        {
                            "x": 1797,
                            "y": 770
                        },
                        {
                            "x": 957,
                            "y": 347
                        },
                        {
                            "x": 1386,
                            "y": 265
                        },
                        {
                            "x": 1405,
                            "y": 228
                        },
                        {
                            "x": 1459,
                            "y": 121
                        },
                        {
                            "x": 1553,
                            "y": -66
                        }
                    ]
                }
            ],
            "id": "B1E4L01",
            "ifcIds": [
                433892
            ],
            "levels": [
                4
            ],
            "north": [
                0.0,
                1.0
            ]
        }
    },
    "v2": {
        "aptInfos": {
            "north": [
                0.0,
                1.0
            ]
        },
        "floors": [
            {
                "elements": [
                    301,
                    201,
                    202,
                    203,
                    204,
                    205,
                    206,
                    207,
                    302,
                    303,
                    304,
                    305,
                    306
                ],
                "id": 401,
                "level": 4
            }
        ],
        "linears": [
            {
                "category": "doorWindow",
                "externalSpaces": [
                    302
                ],