{
    "hashKey": "A601_0",
    "v1": {
        "apartment": {
            "area": 658484,
            "blueprints": [
                {
                    "externalSpaces": [
                        {
                            "area": 23052.4200088462,
                            "polygon": [
                                [
                                    3777.0179772799884,
                                    2761.7484788399825
                                ],
                                [
                                    3622.4642399131053,
                                    2592.9043130951345
                                ],
                                [
                                    3722.4134948310834,
                                    2501.4144423829357
                                ],
                                [
                                    3900.7343425224594,
                                    2696.2232854191466
                                ],
                                [
                                    3813.3248465281636,
                                    2776.234722164252
                                ],
                                [
                                    3789.760296802823,
                                    2750.4913347359475
                                ]
                            ],
                            "type": "loggia",
                            "windows": [
                                6,
                                7
                            ]
                        }
                    ],
                    "externalWalls": [
                        0,
                        1,
                        2,
                        3,
                        4,
                        5
                    ],
                    "fixedItems": [
                        {
                            "coef1": 729,
                            "coef2": 991,
                            "sillHeight": 0,
                            "type": "doorWindow",
                            "vertex1": 0,
                            "vertex2": 1,
                            "width": 80
                        },
                        {
                            "coef1": 377,
                            "coef2": 639,
                            "sillHeight": 0,
                            "type": "doorWindow",
                            "vertex1": 0,
                            "vertex2": 1,
                            "width": 80
                        },
                        {
                            "coef1": 42,
                            "coef2": 286,
                            "sillHeight": 0,
                            "type": "doorWindow",
                            "vertex1": 0,
                            "vertex2": 1,
                            "width": 80
                        },
                        {
                            "coef1": 723,
                            "coef2": 959,
                            "sillHeight": 0,
                            "type": "doorWindow",
                            "vertex1": 5,
                            "vertex2": 0,
                            "width": 80
                        },
                        {
                            "coef1": 382,
                            "coef2": 636,
                            "sillHeight": 0,
                            "type": "doorWindow",
                            "vertex1": 5,
                            "vertex2": 0,
                            "width": 80
                        },
                        {
                            "coef1": 42,
                            "coef2": 295,
                            "sillHeight": 0,
                            "type": "doorWindow",
                            "vertex1": 5,
                            "vertex2": 0,
                            "width": 80
                        },
                        {
                            "coef1": 301,
                            "coef2": 818,
                            "sillHeight": 0,
                            "type": "doorWindow",
                            "vertex1": 2,
                            "vertex2": 3,
                            "width": 80
                        },
                        {
                            "coef1": 3,
                            "coef2": 705,
                            "sillHeight": 0,
                            "type": "doorWindow",
                            "vertex1": 1,
                            "vertex2": 2,
                            "width": 80
                        },
                        {
                            "coef1": 143,
                            "coef2": 249,
                            "type": "frontDoor",
                            "vertex1": 4,
                            "vertex2": 5,
                            "width": 90
                        },
                        {
                            "coef1": 0,
                            "coef2": 1000,
                            "type": "duct",
                            "vertex1": 6,
                            "vertex2": 7,
                            "width": 67
                        },
                        {
                            "coef1": 938,
                            "coef2": 1000,
                            "type": "duct",
                            "vertex1": 3,
                            "vertex2": 4,
                            "width": 137
                        }
                    ],
                    "forbiddenZones": [],
                    "level": 6,
                    "loadBearingWalls": [],
                    "rooms": [],
                    "unsplittableZones": [],
                    "vertices": [
                        {
                            "x": 4283,
                            "y": 3289
                        },
                        {
                            "x": 3813,
                            "y": 2776
                        },
                        {
                            "x": 3901,
                            "y": 2696
                        },
                        {
                            "x": 3722,
                            "y": 2501
                        },
                        {
                            "x": 4165,
                            "y": 2096
                        },
                        {
                            "x": 4813,
                            "y": 2804
                        },
                        {
                            "x": 4276,
                            "y": 2506
                        },
                        {
                            "x": 4421,
                            "y": 2664
                        }
                    ]
                }
            ],
            "id": "A601",
            "ifcIds": [
                797659
            ],
            "levels": [
                6
            ],
            "north": [
                0.0,
                1.0
            ]
        }
    },
    "v2": {
        "aptInfos": {
            "ifcIds": [
                797659
            ],
            "name": "A601",
            "north": [
                0.0,
                1.0
            ]
        },
        "floors": [
            {
                "elements": [
                    301,
                    201,
                    202,
                    203,
                    204,
                    205,
                    206,
                    207,
                    208,
                    209,
                    302,
                    303,
                    304
                ],
                "id": 401,
                "level": 6
            }
        ],