{
    "meta": {
        "cacheKey": "B4E1L01_0",
        "cells": [
            "X4E1C01"
        ],
        "projectSlug": "paris-venelles",
        "slug": "B4E1L01"
    },
    "v1": {
        "apartment": {
            "area": 816541,
            "blueprints": [
                {
                    "externalSpaces": [
                        {
                            "area": 13728.010795519216,
                            "polygon": [
                                [
                                    1979.7022976272917,
                                    2401.9760559709925
                                ],
                                [
                                    1717.5349866607557,
                                    2270.2855882500044
                                ],
                                [
                                    1757.144350494385,
                                    2191.692841309578
                                ],
                                [
                                    2019.135935882101,
                                    2323.7319613135073
                                ]
                            ],
                            "type": "terrace",
                            "windows": [
                                4,
                                5
                            ]
                        }
                    ],
                    "externalWalls": [
                        0,
                        1,
                        2,
                        3,
                        4,
                        5,
                        6,
                        7,
                        8,
                        9
                    ],
                    "fixedItems": [
                        {
                            "coef1": 112,
                            "coef2": 789,
                            "sillHeight": 0,
                            "type": "doorWindow",
                            "vertex1": 7,
                            "vertex2": 8,
                            "width": 80
                        },
                        {
                            "coef1": 692,
                            "coef2": 829,
                            "sillHeight": 0,
                            "type": "doorWindow",
                            "vertex1": 1,
                            "vertex2": 2,
                            "width": 80
                        },
                        {
                            "coef1": 41,
                            "coef2": 250,
                            "sillHeight": 0,
                            "type": "doorWindow",
                            "vertex1": 1,
                            "vertex2": 2,
                            "width": 80
                        },
                        {
                            "coef1": 403,
                            "coef2": 539,
                            "sillHeight": 0,
                            "type": "doorWindow",
                            "vertex1": 1,
                            "vertex2": 2,
                            "width": 80
                        },
                        {
                            "coef1": 27,
                            "coef2": 971,
                            "sillHeight": 0,
                            "type": "doorWindow",
                            "vertex1": 9,
                            "vertex2": 0,
                            "width": 80
                        },
                        {
                            "coef1": 0,
                            "coef2": 1000,
                            "sillHeight": 0,
                            "type": "doorWindow",
                            "vertex1": 8,
                            "vertex2": 9,
                            "width": 80
                        },
                        {
                            "coef1": 229,
                            "coef2": 783,
                            "type": "frontDoor",
                            "vertex1": 4,
                            "vertex2": 5,
                            "width": 90
                        },
                        {
                            "coef1": 40,
                            "coef2": 134,
                            "type": "duct",
                            "vertex1": 6,
                            "vertex2": 7,
                            "width": 77
                        },
                        {
                            "coef1": 530,
                            "coef2": 625,
                            "type": "duct",
                            "vertex1": 0,
                            "vertex2": 1,
                            "width": 71
                        }
                    ],
                    "forbiddenZones": [],
                    "level": 1,
                    "loadBearingWalls": [],
                    "rooms": [],
                    "unsplittableZones": [],
                    "vertices": [
                        {
                            "x": 1979,
                            "y": 2402
                        },
                        {
                            "x": 1472,
                            "y": 3410
                        },
                        {
                            "x": 632,
                            "y": 2986
                        },
                        {
                            "x": 765,
                            "y": 2724
                        },
                        {
                            "x": 937,
                            "y": 2811
                        },
                        {
                            "x": 1016,
                            "y": 2655
                        },
                        {
                            "x": 1162,
                            "y": 2729
                        },
                        {
                            "x": 1499,
                            "y": 2061
                        },
                        {
                            "x": 1757,
                            "y": 2192
                        },
                        {
                            "x": 1717,
                            "y": 2270
                        }
                    ]
                }
            ],
            "id": "B4E1L01",
            "ifcIds": [
                180577
            ],
            "levels": [
                1
            ],
            "north": [
                0.0,
                1.0
            ]
        }
    },
    "v2": {
        "aptInfos": {
            "north": [
                0.0,
                1.0
            ]
        },
        "floors": [
            {
                "elements": [
                    301,
                    201,
                    202,
                    203,
                    204,
                    205,
                    206,
                    207,
                    302,
                    303,
                    304
                ],
                "id": 401,
                "level": 1
            }
        ],
        "linears": [
            {
                "category": "doorWindow",
                "externalSpaces": [],
                "geometry": [
                    1011,
                    1012
                ],
                "id": 201,
                "length": 195.999999999997,
                "sillHeight": 0
            },
            {
                "category": "doorWindow",
                "externalSpaces": [],
                "geometry": [
                    1013,
                    1014
                ],
                "id": 202,
                "length": 127.99999999999736,
                "sillHeight": 0
            },
            {
                "category": "doorWindow",
                "externalSpaces": [],