{
    "meta": {
        "cacheKey": "B4E2L03_0",
        "cells": [
            "X4E2C03"
        ],
        "projectSlug": "paris-venelles",
        "slug": "B4E2L03"
    },
    "v1": {
        "apartment": {
            "area": 837362,
            "blueprints": [
                {
                    "externalSpaces": [
                        {
                            "area": 13294.548748693327,
                            "polygon": [
                                [
                                    327.36738728303214,
                                    1530.5966475970977
                                ],
                                [
                                    351.27486334364465,
                                    1483.1595181007053
                                ],
                                [
                                    605.8879721143193,
                                    1611.4800521412767
                                ],
                                [
                                    566.2693181548605,
                                    1690.092100711164
                                ],
                                [
                                    311.6558655603362,
                                    1561.7713934674698
                                ]
                            ],
                            "type": "terrace",
                            "windows": [
                                4,
                                5
                            ]
                        }
                    ],
                    "externalWalls": [
                        0,
                        1,
                        2,
                        3,
                        4,
                        5,
                        6,
                        7
                    ],
                    "fixedItems": [
                        {
                            "coef1": 65,
                            "coef2": 381,
                            "sillHeight": 0,
                            "type": "doorWindow",
                            "vertex1": 3,
                            "vertex2": 4,
                            "width": 80
                        },
                        {
                            "coef1": 564,
                            "coef2": 880,
                            "sillHeight": 0,
                            "type": "doorWindow",
                            "vertex1": 3,
                            "vertex2": 4,
                            "width": 80
                        },
                        {
                            "coef1": 528,
                            "coef2": 877,
                            "sillHeight": 0,
                            "type": "doorWindow",
                            "vertex1": 7,
                            "vertex2": 0,
                            "width": 80
                        },
                        {
                            "coef1": 282,
                            "coef2": 460,
                            "sillHeight": 0,
                            "type": "doorWindow",
                            "vertex1": 7,
                            "vertex2": 0,
                            "width": 80
                        },
                        {
                            "coef1": 4,
                            "coef2": 965,
                            "sillHeight": 0,
                            "type": "doorWindow",
                            "vertex1": 1,
                            "vertex2": 2,
                            "width": 80
                        },
                        {
                            "coef1": 0,
                            "coef2": 1000,
                            "sillHeight": 0,
                            "type": "doorWindow",
                            "vertex1": 2,
                            "vertex2": 3,
                            "width": 80
                        },
                        {
                            "coef1": 387,
                            "coef2": 527,
                            "type": "frontDoor",
                            "vertex1": 6,
                            "vertex2": 7,
                            "width": 90
                        },
                        {
                            "coef1": 375,
                            "coef2": 470,
                            "type": "duct",
                            "vertex1": 0,
                            "vertex2": 1,
                            "width": 70
                        },
                        {
                            "coef1": 160,
                            "coef2": 271,
                            "type": "duct",
                            "vertex1": 6,
                            "vertex2": 7,
                            "width": 67
                        },
                        {
                            "coef1": 756,
                            "coef2": 1000,
                            "type": "duct",
                            "vertex1": 4,
                            "vertex2": 5,
                            "width": 50
                        }
                    ],
                    "forbiddenZones": [],
                    "level": 2,
                    "loadBearingWalls": [],
                    "rooms": [],
                    "unsplittableZones": [],
                    "vertices": [
                        {
                            "x": -196,
                            "y": 2569
                        },
                        {
                            "x": 312,
                            "y": 1562
                        },
                        {
                            "x": 566,
                            "y": 1690
                        },
                        {
                            "x": 606,
                            "y": 1612
                        },
                        {
                            "x": 1160,
                            "y": 1891
                        },
                        {
                            "x": 926,
                            "y": 2356
                        },
                        {
                            "x": 619,
                            "y": 2201
                        },
                        {
                            "x": 306,
                            "y": 2822
                        }
                    ]
                }
            ],
            "id": "B4E2L03",
            "ifcIds": [
                266972
            ],
            "levels": [
                2
            ],
            "north": [
                0.0,
                1.0
            ]
        }
    },
    "v2": {
        "aptInfos": {
            "north": [
                0.0,
                1.0
            ]
        },
        "floors": [
            {
                "elements": [
                    301,
                    201,
                    202,
                    203,
                    204,
                    205,
                    206,
                    207,
                    302,
                    303,
                    304,
                    305
                ],
                "id": 401,
                "level": 2
            }
        ],
        "linears": [
            {
                "category": "doorWindow",
                "externalSpaces": [],
                "geometry": [
                    109,
                    1010
                ],
                "id": 201,
                "length": 196.00000000000105,
                "sillHeight": 0
            },
            {
                "category": "doorWindow",
                "externalSpaces": [],
                "geometry": [
                    1011,
                    1012
                ],