{
    "meta": {
        "cacheKey": "B3E2L03_0",
        "cells": [
            "X3E2C03"
        ],
        "projectSlug": "paris-venelles",
        "slug": "B3E2L03"
    },
    "v1": {
        "apartment": {
            "area": 662824,
            "blueprints": [
                {
                    "externalSpaces": [
                        {
                            "area": 13658.713705169142,
                            "polygon": [
                                [
                                    2039.938206160005,
                                    2334.216178170004
                                ],
                                [
                                    2300.90897498554,
                                    2465.7408611897367
                                ],
                                [
                                    2260.82592136932,
                                    2544.094675321584
                                ],
                                [
                                    2000.3289233743767,
                                    2412.8087644976345
                                ]
                            ],
                            "type": "terrace",
                            "windows": [
                                1,
                                2
                            ]
                        }
                    ],
                    "externalWalls": [
                        0,
                        1,
                        2,
                        3,
                        4,
                        5
                    ],
                    "fixedItems": [
                        {
                            "coef1": 168,
                            "coef2": 883,
                            "sillHeight": 0,
                            "type": "doorWindow",
                            "vertex1": 5,
                            "vertex2": 0,
                            "width": 80
                        },
                        {
                            "coef1": 25,
                            "coef2": 1000,
                            "sillHeight": 0,
                            "type": "doorWindow",
                            "vertex1": 3,
                            "vertex2": 4,
                            "width": 80
                        },
                        {
                            "coef1": 113,
                            "coef2": 998,
                            "sillHeight": 0,
                            "type": "doorWindow",
                            "vertex1": 4,
                            "vertex2": 5,
                            "width": 80
                        },
                        {
                            "coef1": 522,
                            "coef2": 868,
                            "sillHeight": 0,
                            "type": "doorWindow",
                            "vertex1": 1,
                            "vertex2": 2,
                            "width": 80
                        },
                        {
                            "coef1": 282,
                            "coef2": 458,
                            "sillHeight": 0,
                            "type": "doorWindow",
                            "vertex1": 1,
                            "vertex2": 2,
                            "width": 80
                        },
                        {
                            "coef1": 639,
                            "coef2": 718,
                            "type": "frontDoor",
                            "vertex1": 0,
                            "vertex2": 1,
                            "width": 90
                        },
                        {
                            "coef1": 375,
                            "coef2": 470,
                            "type": "duct",
                            "vertex1": 2,
                            "vertex2": 3,
                            "width": 71
                        },
                        {
                            "coef1": 520,
                            "coef2": 583,
                            "type": "duct",
                            "vertex1": 0,
                            "vertex2": 1,
                            "width": 67
                        }
                    ],
                    "forbiddenZones": [],
                    "level": 2,
                    "loadBearingWalls": [],
                    "rooms": [],
                    "unsplittableZones": [],
                    "vertices": [
                        {
                            "x": 2546,
                            "y": 2589
                        },
                        {
                            "x": 1997,
                            "y": 3674
                        },
                        {
                            "x": 1492,
                            "y": 3420
                        },
                        {
                            "x": 2000,
                            "y": 2413
                        },
                        {
                            "x": 2261,
                            "y": 2544
                        },
                        {
                            "x": 2301,
                            "y": 2466
                        }
                    ]
                }
            ],
            "id": "B3E2L03",
            "ifcIds": [
                267553
            ],
            "levels": [
                2
            ],
            "north": [
                0.0,
                1.0
            ]
        }
    },
    "v2": {
        "aptInfos": {
            "north": [
                0.0,
                1.0
            ]
        },
        "floors": [
            {
                "elements": [
                    301,
                    201,
                    202,
                    203,
                    204,
                    205,
                    206,
                    302,
                    303,
                    304
                ],
                "id": 401,
                "level": 2
            }
        ],
        "linears": [
            {
                "category": "doorWindow",
                "externalSpaces": [],
                "geometry": [
                    109,
                    1010
                ],
                "id": 201,
                "length": 196.00000000000097,
                "sillHeight": 0
            },
            {
                "category": "doorWindow",
                "externalSpaces": [
                    302
                ],
                "geometry": [
                    1011,
                    1012
                ],
                "id": 202,
                "length": 284.5887662128633,
                "sillHeight": 0
            },
            {
                "category": "doorWindow",
                "externalSpaces": [
                    302
                ],
                "geometry": [
                    1013,
                    1014
                ],
                "id": 203,
                "length": 77.90060000002467,
                "sillHeight": 0
            },
            {
                "category": "doorWindow",
                "externalSpaces": [],
                "geometry": [
                    1015,
                    1016
                ],
                "id": 204,
                "length": 196.00000000006747,
                "sillHeight": 0
            },
            {
                "category": "doorWindow",
                "externalSpaces": [],
                "geometry": [
                    1017,
                    1018
                ],
                "id": 205,
                "length": 100.00000000003493,
                "sillHeight": 0
            },
            {
                "category": "frontDoor",