{
    "meta": {
        "cacheKey": "B3E1L02_0",
        "cells": [
            "X3E1C02"
        ],
        "projectSlug": "paris-venelles",
        "slug": "B3E1L02"
    },
    "v1": {
        "apartment": {
            "area": 496343,
            "blueprints": [
                {
                    "externalSpaces": [
                        {
                            "area": 29000.76327589469,
                            "polygon": [
                                [
                                    3340.1877492096014,
                                    2989.5186836297967
                                ],
                                [
                                    3292.2969078258748,
                                    3187.180608795603
                                ],
                                [
                                    3077.6386791598643,
                                    3078.9903490406705
                                ],
                                [
                                    3167.648618196882,
                                    2902.562016715079
                                ]
                            ],
                            "type": "terrace",
                            "windows": [
                                3,
                                4
                            ]
                        }
                    ],
                    "externalWalls": [
                        0,
                        1,
                        2,
                        3,
                        4,
                        5,
                        6,
                        7,
                        8,
                        9
                    ],
                    "fixedItems": [
                        {
                            "coef1": 594,
                            "coef2": 884,
                            "sillHeight": 0,
                            "type": "doorWindow",
                            "vertex1": 3,
                            "vertex2": 4,
                            "width": 80
                        },
                        {
                            "coef1": 92,
                            "coef2": 382,
                            "sillHeight": 0,
                            "type": "doorWindow",
                            "vertex1": 3,
                            "vertex2": 4,
                            "width": 80
                        },
                        {
                            "coef1": 243,
                            "coef2": 666,
                            "sillHeight": 0,
                            "type": "doorWindow",
                            "vertex1": 6,
                            "vertex2": 7,
                            "width": 80
                        },
                        {
                            "coef1": 146,
                            "coef2": 966,
                            "sillHeight": 0,
                            "type": "doorWindow",
                            "vertex1": 5,
                            "vertex2": 6,
                            "width": 80
                        },
                        {
                            "coef1": 0,
                            "coef2": 818,
                            "sillHeight": 0,
                            "type": "doorWindow",
                            "vertex1": 4,
                            "vertex2": 5,
                            "width": 80
                        },
                        {
                            "coef1": 647,
                            "coef2": 941,
                            "type": "frontDoor",
                            "vertex1": 9,
                            "vertex2": 0,
                            "width": 90
                        },
                        {
                            "coef1": 326,
                            "coef2": 631,
                            "type": "duct",
                            "vertex1": 8,
                            "vertex2": 9,
                            "width": 61
                        }
                    ],
                    "forbiddenZones": [],
                    "level": 1,
                    "loadBearingWalls": [],
                    "rooms": [],
                    "unsplittableZones": [],
                    "vertices": [
                        {
                            "x": 2548,
                            "y": 3396
                        },
                        {
                            "x": 2637,
                            "y": 3219
                        },
                        {
                            "x": 2331,
                            "y": 3064
                        },
                        {
                            "x": 2565,
                            "y": 2599
                        },
                        {
                            "x": 3168,
                            "y": 2903
                        },
                        {
                            "x": 3078,
                            "y": 3079
                        },
                        {
                            "x": 3292,
                            "y": 3187
                        },
                        {
                            "x": 3222,
                            "y": 3478
                        },
                        {
                            "x": 2947,
                            "y": 3339
                        },
                        {
                            "x": 2843,
                            "y": 3544
                        }
                    ]
                }
            ],
            "id": "B3E1L02",
            "ifcIds": [
                180759
            ],
            "levels": [
                1
            ],
            "north": [
                0.0,
                1.0
            ]
        }
    },
    "v2": {
        "aptInfos": {
            "north": [
                0.0,
                1.0
            ]
        },
        "floors": [
            {
                "elements": [
                    301,
                    201,
                    202,
                    203,
                    204,
                    205,
                    206,
                    302,
                    303
                ],
                "id": 401,
                "level": 1
            }
        ],
        "linears": [
            {
                "category": "doorWindow",
                "externalSpaces": [],
                "geometry": [
                    1011,
                    1012
                ],
                "id": 201,
                "length": 195.99999999999693,
                "sillHeight": 0
            },
            {
                "category": "doorWindow",
                "externalSpaces": [],
                "geometry": [
                    1013,
                    1014
                ],
                "id": 202,
                "length": 195.99999999999693,
                "sillHeight": 0
            },
            {
                "category": "doorWindow",
                "externalSpaces": [],
                "geometry": [
                    1015,
                    1016
                ],
                "id": 203,
                "length": 126.50000000002186,
                "sillHeight": 0
            },
            {
                "category": "doorWindow",
                "externalSpaces": [
                    302
                ],
                "geometry": [
                    1017,
                    1018
                ],
                "id": 204,
                "length": 197.1699999999026,
                "sillHeight": 0
            },
            {
                "category": "doorWindow",
                "externalSpaces": [
                    302
                ],