{
    "meta": {
        "cacheKey": "B1E3L02_0",
        "cells": [
            "X1E3C02"
        ],
        "projectSlug": "paris-venelles",
        "slug": "B1E3L02"
    },
    "v1": {
        "apartment": {
            "area": 265152,
            "blueprints": [
                {
                    "externalSpaces": [
                        {
                            "area": 25190.031829007166,
                            "polygon": [
                                [
                                    1668.3306031304624,
                                    -318.86855528683424
                                ],
                                [
                                    1260.6501660890005,
                                    -524.3323337304626
                                ],
                                [
                                    1304.7289580994432,
                                    -611.7928554582588
                                ],
                                [
                                    1722.0335466767494,
                                    -401.4786737226631
                                ],
                                [
                                    1695.4621278087113,
                                    -348.7557668452658
                                ],
                                [
                                    1685.8378654675191,
                                    -353.6062259930969
                                ]
                            ],
                            "type": "terrace",
                            "windows": [
                                0,
                                2
                            ]
                        }
                    ],
                    "externalWalls": [
                        0,
                        1,
                        2,
                        3,
                        4,
                        5,
                        6,
                        7,
                        8,
                        9
                    ],
                    "fixedItems": [
                        {
                            "coef1": 51,
                            "coef2": 758,
                            "sillHeight": 100,
                            "type": "window",
                            "vertex1": 6,
                            "vertex2": 7,
                            "width": 80
                        },
                        {
                            "coef1": 0,
                            "coef2": 999,
                            "sillHeight": 100,
                            "type": "window",
                            "vertex1": 5,
                            "vertex2": 6,
                            "width": 80
                        },
                        {
                            "coef1": 222,
                            "coef2": 651,
                            "sillHeight": 0,
                            "type": "doorWindow",
                            "vertex1": 7,
                            "vertex2": 8,
                            "width": 80
                        },
                        {
                            "coef1": 703,
                            "coef2": 992,
                            "type": "frontDoor",
                            "vertex1": 9,
                            "vertex2": 0,
                            "width": 90
                        },
                        {
                            "coef1": 0,
                            "coef2": 223,
                            "type": "duct",
                            "vertex1": 9,
                            "vertex2": 0,
                            "width": 64
                        }
                    ],
                    "forbiddenZones": [],
                    "level": 3,
                    "loadBearingWalls": [],
                    "rooms": [],
                    "unsplittableZones": [],
                    "vertices": [
                        {
                            "x": 1165,
                            "y": -64
                        },
                        {
                            "x": 1261,
                            "y": -256
                        },
                        {
                            "x": 1049,
                            "y": -363
                        },
                        {
                            "x": 1013,
                            "y": -292
                        },
                        {
                            "x": 919,
                            "y": -340
                        },
                        {
                            "x": 1108,
                            "y": -715
                        },
                        {
                            "x": 1306,
                            "y": -615
                        },
                        {
                            "x": 1261,
                            "y": -524
                        },
                        {
                            "x": 1668,
                            "y": -319
                        },
                        {
                            "x": 1464,
                            "y": 87
                        }
                    ]
                }
            ],
            "id": "B1E3L02",
            "ifcIds": [
                356376
            ],
            "levels": [
                3
            ],
            "north": [
                0.0,
                1.0
            ]
        }
    },
    "v2": {
        "aptInfos": {
            "north": [
                0.0,
                1.0
            ]
        },
        "floors": [
            {
                "elements": [
                    301,
                    201,
                    202,
                    203,
                    204,
                    302,
                    303
                ],
                "id": 401,
                "level": 3
            }
        ],
        "linears": [
            {
                "category": "window",
                "externalSpaces": [
                    302
                ],
                "geometry": [
                    1011,
                    1012
                ],
                "id": 201,
                "length": 71.52760000000762,
                "sillHeight": 999.8999999999996
            },
            {
                "category": "window",
                "externalSpaces": [],
                "geometry": [
                    1013,
                    1014
                ],
                "id": 202,
                "length": 221.9370000000466,
                "sillHeight": 999.8999999999996
            },
            {
                "category": "doorWindow",
                "externalSpaces": [
                    302
                ],
                "geometry": [
                    1015,
                    1016
                ],
                "id": 203,
                "length": 195.99999999993815,
                "sillHeight": 0
            },
            {
                "category": "frontDoor",
                "geometry": [
                    1017,
                    1018
                ],
                "id": 204,
                "length": 96.99960000000158
            }
        ],
        "spaces": [
            {
                "area": 265151.8662570073,
                "category": "empty",
                "geometry": [
                    101,
                    102,
                    103,
                    104,
                    105,
                    106,
                    107,
                    108,
                    109,
                    1010
                ],
                "id": 301
            },
            {
                "area": 2519003.1829007166,