{
    "meta": {
        "cacheKey": "B2E1L01_0",
        "cells": [
            "X2E1C01"
        ],
        "projectSlug": "paris-venelles",
        "slug": "B2E1L01"
    },
    "v1": {
        "apartment": {
            "area": 666675,
            "blueprints": [
                {
                    "externalSpaces": [
                        {
                            "area": 33363.163128390304,
                            "polygon": [
                                [
                                    3410.3707651090945,
                                    1811.0049590953167
                                ],
                                [
                                    3514.4794741279866,
                                    1604.8478533801924
                                ],
                                [
                                    3666.737029224928,
                                    1641.737823163532
                                ],
                                [
                                    3602.2908497618,
                                    1907.7293054789304
                                ]
                            ],
                            "type": "terrace",
                            "windows": [
                                4,
                                5
                            ]
                        }
                    ],
                    "externalWalls": [
                        0,
                        1,
                        2,
                        3,
                        4,
                        5,
                        6,
                        7,
                        8,
                        9
                    ],
                    "fixedItems": [
                        {
                            "coef1": 109,
                            "coef2": 246,
                            "sillHeight": 0,
                            "type": "doorWindow",
                            "vertex1": 3,
                            "vertex2": 4,
                            "width": 80
                        },
                        {
                            "coef1": 400,
                            "coef2": 610,
                            "sillHeight": 0,
                            "type": "doorWindow",
                            "vertex1": 3,
                            "vertex2": 4,
                            "width": 80
                        },
                        {
                            "coef1": 764,
                            "coef2": 901,
                            "sillHeight": 0,
                            "type": "doorWindow",
                            "vertex1": 3,
                            "vertex2": 4,
                            "width": 80
                        },
                        {
                            "coef1": 212,
                            "coef2": 592,
                            "sillHeight": 0,
                            "type": "doorWindow",
                            "vertex1": 0,
                            "vertex2": 1,
                            "width": 80
                        },
                        {
                            "coef1": 0,
                            "coef2": 989,
                            "sillHeight": 0,
                            "type": "doorWindow",
                            "vertex1": 1,
                            "vertex2": 2,
                            "width": 80
                        },
                        {
                            "coef1": 0,
                            "coef2": 1000,
                            "sillHeight": 0,
                            "type": "doorWindow",
                            "vertex1": 2,
                            "vertex2": 3,
                            "width": 80
                        },
                        {
                            "coef1": 366,
                            "coef2": 967,
                            "type": "frontDoor",
                            "vertex1": 6,
                            "vertex2": 7,
                            "width": 90
                        },
                        {
                            "coef1": 1,
                            "coef2": 181,
                            "type": "duct",
                            "vertex1": 9,
                            "vertex2": 0,
                            "width": 65
                        },
                        {
                            "coef1": 861,
                            "coef2": 1000,
                            "type": "duct",
                            "vertex1": 4,
                            "vertex2": 5,
                            "width": 70
                        }
                    ],
                    "forbiddenZones": [],
                    "level": 1,
                    "loadBearingWalls": [
                        [
                            10,
                            11
                        ],
                        [
                            12,
                            13
                        ]
                    ],
                    "rooms": [],
                    "unsplittableZones": [],
                    "vertices": [
                        {
                            "x": 3788,
                            "y": 1140
                        },
                        {
                            "x": 3667,
                            "y": 1642
                        },
                        {
                            "x": 3514,
                            "y": 1605
                        },
                        {
                            "x": 3410,
                            "y": 1811
                        },
                        {
                            "x": 2576,
                            "y": 1390
                        },
                        {
                            "x": 2792,
                            "y": 961
                        },
                        {
                            "x": 2936,
                            "y": 1033
                        },
                        {
                            "x": 3009,
                            "y": 889
                        },
                        {
                            "x": 3401,
                            "y": 1087
                        },
                        {
                            "x": 3458,
                            "y": 973
                        },
                        {
                            "x": 3047,
                            "y": 1220
                        },
                        {
                            "x": 3068,
                            "y": 1178
                        },
                        {
                            "x": 3391,
                            "y": 1390
                        },
                        {
                            "x": 3413,
                            "y": 1348
                        }
                    ]
                }
            ],
            "id": "B2E1L01",
            "ifcIds": [
                186439
            ],
            "levels": [
                1
            ],
            "north": [
                0.0,
                1.0
            ]
        }
    },
    "v2": {
        "aptInfos": {
            "north": [
                0.0,
                1.0
            ]
        },
        "floors": [
            {
                "elements": [
                    301,
                    201,
                    202,
                    203,
                    204,
                    205,
                    206,
                    207,
                    302,
                    303,
                    304,
                    305,
                    306
                ],