{
    "meta": {
        "cacheKey": "B4E1L03_0",
        "cells": [
            "X4E1C03"
        ],
        "projectSlug": "paris-venelles",
        "slug": "B4E1L03"
    },
    "v1": {
        "apartment": {
            "area": 836372,
            "blueprints": [
                {
                    "externalSpaces": [
                        {
                            "area": 13241.422361116263,
                            "polygon": [
                                [
                                    352.1678630539996,
                                    1483.60956928
                                ],
                                [
                                    605.8879883757786,
                                    1611.4800198705857
                                ],
                                [
                                    566.2693181540687,
                                    1690.0921007106558
                                ],
                                [
                                    312.54885815205927,
                                    1562.2214460506839
                                ]
                            ],
                            "type": "terrace",
                            "windows": [
                                4,
                                5
                            ]
                        }
                    ],
                    "externalWalls": [
                        0,
                        1,
                        2,
                        3,
                        4,
                        5,
                        6,
                        7
                    ],
                    "fixedItems": [
                        {
                            "coef1": 65,
                            "coef2": 381,
                            "sillHeight": 0,
                            "type": "doorWindow",
                            "vertex1": 3,
                            "vertex2": 4,
                            "width": 80
                        },
                        {
                            "coef1": 567,
                            "coef2": 883,
                            "sillHeight": 0,
                            "type": "doorWindow",
                            "vertex1": 3,
                            "vertex2": 4,
                            "width": 80
                        },
                        {
                            "coef1": 283,
                            "coef2": 464,
                            "sillHeight": 0,
                            "type": "doorWindow",
                            "vertex1": 7,
                            "vertex2": 0,
                            "width": 80
                        },
                        {
                            "coef1": 529,
                            "coef2": 878,
                            "sillHeight": 0,
                            "type": "doorWindow",
                            "vertex1": 7,
                            "vertex2": 0,
                            "width": 80
                        },
                        {
                            "coef1": 0,
                            "coef2": 1000,
                            "sillHeight": 0,
                            "type": "doorWindow",
                            "vertex1": 2,
                            "vertex2": 3,
                            "width": 80
                        },
                        {
                            "coef1": 0,
                            "coef2": 965,
                            "sillHeight": 0,
                            "type": "doorWindow",
                            "vertex1": 1,
                            "vertex2": 2,
                            "width": 80
                        },
                        {
                            "coef1": 387,
                            "coef2": 527,
                            "type": "frontDoor",
                            "vertex1": 6,
                            "vertex2": 7,
                            "width": 90
                        },
                        {
                            "coef1": 756,
                            "coef2": 1000,
                            "type": "duct",
                            "vertex1": 4,
                            "vertex2": 5,
                            "width": 50
                        },
                        {
                            "coef1": 375,
                            "coef2": 470,
                            "type": "duct",
                            "vertex1": 0,
                            "vertex2": 1,
                            "width": 69
                        },
                        {
                            "coef1": 160,
                            "coef2": 271,
                            "type": "duct",
                            "vertex1": 6,
                            "vertex2": 7,
                            "width": 67
                        }
                    ],
                    "forbiddenZones": [],
                    "level": 1,
                    "loadBearingWalls": [
                        [
                            8,
                            9
                        ]
                    ],
                    "rooms": [],
                    "unsplittableZones": [],
                    "vertices": [
                        {
                            "x": -195,
                            "y": 2569
                        },
                        {
                            "x": 313,
                            "y": 1562
                        },
                        {
                            "x": 566,
                            "y": 1690
                        },
                        {
                            "x": 606,
                            "y": 1612
                        },
                        {
                            "x": 1160,
                            "y": 1891
                        },
                        {
                            "x": 926,
                            "y": 2356
                        },
                        {
                            "x": 619,
                            "y": 2201
                        },
                        {
                            "x": 306,
                            "y": 2822
                        },
                        {
                            "x": 864,
                            "y": 1740
                        },
                        {
                            "x": 731,
                            "y": 2003
                        }
                    ]
                }
            ],
            "id": "B4E1L03",
            "ifcIds": [
                177457
            ],
            "levels": [
                1
            ],
            "north": [
                0.0,
                1.0
            ]
        }
    },
    "v2": {
        "aptInfos": {
            "north": [
                0.0,
                1.0
            ]
        },
        "floors": [
            {
                "elements": [
                    301,
                    201,
                    202,
                    203,
                    204,
                    205,
                    206,
                    207,
                    302,
                    303,
                    304,
                    305,
                    306
                ],
                "id": 401,
                "level": 1
            }
        ],
        "linears": [
            {
                "category": "doorWindow",
                "externalSpaces": [],
                "geometry": [
                    109,
                    1010
                ],
                "id": 201,
                "length": 195.99999999999733,