{
  "meta": {
    "cacheKey": "A604_0",
    "projectSlug": "test-base",
    "slug": "A604"
  },
  "v1": {
    "apartment": {
      "area": 774129,
      "blueprints": [
        {
          "externalSpaces": [
            {
              "area": 24860.714077902678,
              "polygon": [
                [
                  4266.644892797232,
                  330.86839466507126
                ],
                [
                  4388.779281506353,
                  219.0710686944492
                ],
                [
                  4448.01080348,
                  221.68841350199963
                ],
                [
                  4559.808129457566,
                  343.822802218708
                ],
                [
                  4547.2683705387035,
                  355.3012361820023
                ],
                [
                  4563.444568658201,
                  372.97312638006696
                ],
                [
                  4260.451436555612,
                  359.5843517106433
                ],
                [
                  4278.123326760665,
                  343.4081535840857
                ]
              ],
              "type": "wintergarden",
              "windows": [
                2
              ]
            },
            {
              "area": 46914.73999112419,
              "polygon": [
                [
                  5139.179604520634,
                  1177.4451110049843
                ],
                [
                  4800.700843058238,
                  807.6697495344017
                ],
                [
                  4888.110339052536,
                  727.658312789295
                ],
                [
                  4911.674888778256,
                  753.4017002180141
                ],
                [
                  4924.417208297475,
                  742.1445561170937
                ],
                [
                  5239.12885943523,
                  1085.9552402961467
                ]
              ],
              "type": "loggia",
              "windows": [
                5,
                6,
                7
              ]
            }
          ],
          "externalWalls": [
            0,
            1,
            2,
            3,
            4,
            5,
            6,
            7,
            8
          ],
          "fixedItems": [
            {
              "coef1": 608,
              "coef2": 987,
              "sillHeight": 0,
              "type": "doorWindow",
              "vertex1": 0,
              "vertex2": 1,
              "width": 80
            },
            {
              "coef1": 104,
              "coef2": 482,
              "sillHeight": 0,
              "type": "doorWindow",
              "vertex1": 0,
              "vertex2": 1,
              "width": 80
            },
            {
              "coef1": 46,
              "coef2": 952,
              "sillHeight": 0,
              "type": "doorWindow",
              "vertex1": 8,
              "vertex2": 0,
              "width": 80
            },
            {
              "coef1": 545,
              "coef2": 906,
              "sillHeight": 0,
              "type": "doorWindow",
              "vertex1": 7,
              "vertex2": 8,
              "width": 80
            },
            {
              "coef1": 59,
              "coef2": 420,
              "sillHeight": 0,
              "type": "doorWindow",
              "vertex1": 7,
              "vertex2": 8,
              "width": 80
            },
            {
              "coef1": 159,
              "coef2": 431,
              "sillHeight": 0,
              "type": "doorWindow",
              "vertex1": 2,
              "vertex2": 3,
              "width": 80
            },
            {
              "coef1": 647,
              "coef2": 919,
              "sillHeight": 0,
              "type": "doorWindow",
              "vertex1": 2,
              "vertex2": 3,
              "width": 80
            },
            {
              "coef1": 3,
              "coef2": 705,
              "sillHeight": 0,
              "type": "doorWindow",
              "vertex1": 1,
              "vertex2": 2,
              "width": 80
            },
            {
              "coef1": 0,
              "coef2": 123,
              "type": "frontDoor",
              "vertex1": 6,
              "vertex2": 7,
              "width": 90
            },
            {
              "coef1": 0,
              "coef2": 1000,
              "type": "duct",
              "vertex1": 9,
              "vertex2": 10,
              "width": 67
            },
            {
              "coef1": 937,
              "coef2": 1000,
              "type": "duct",
              "vertex1": 3,
              "vertex2": 4,
              "width": 142
            }
          ],
          "forbiddenZones": [],
          "level": 6,
          "loadBearingWalls": [],
          "rooms": [],
          "unsplittableZones": [],
          "vertices": [
            {
              "x": 4564,
              "y": 373
            },
            {
              "x": 4888,
              "y": 728
            },
            {
              "x": 4801,
              "y": 808
            },
            {
              "x": 5139,
              "y": 1178
            },
            {
              "x": 4704,
              "y": 1576
            },
            {
              "x": 4451,
              "y": 1300
            },
            {
              "x": 4443,
              "y": 1307
            },
            {
              "x": 3888,
              "y": 700
            },
            {
              "x": 4260,
              "y": 360
            },
            {
              "x": 4418,
              "y": 991
            },
            {
              "x": 4273,
              "y": 832
            }
          ]
        }
      ],
      "id": "A604",
      "ifcIds": [
        797267
      ],
      "levels": [
        6
      ],
      "north": [
        0.0,
        1.0
      ]
    }
  },
  "v2": {
    "aptInfos": {
      "north": [
        0.0,
        1.0
      ]
    },
    "floors": [
      {
        "elements": [
          301,
          201,
          202,
          203,
          204,
          205,
          206,
          207,
          208,
          209,
          302,
          303,
          304,
          305
        ],
        "id": 401,
        "level": 6
      }
    ],
    "linears": [
      {
        "category": "doorWindow",
        "externalSpaces": [],
        "geometry": [
          1010,
          1011
        ],
        "id": 201,
        "length": 182.0000000001491,
        "sillHeight": 0
      },
      {
        "category": "doorWindow",
        "externalSpaces": [],
        "geometry": [
          1012,
          1013
        ],
        "id": 202,
        "length": 181.99999999999065,
        "sillHeight": 0
      },
      {
        "category": "doorWindow",
        "externalSpaces": [
          302
        ],
        "geometry": [
          1014,
          1015
        ],
        "id": 203,
        "length": 275.064537888016,
        "sillHeight": 0
      },
      {
        "category": "doorWindow",
        "externalSpaces": [],
        "geometry": [
          1016,
          1017
        ],
        "id": 204,
        "length": 182.00000000006668,
        "sillHeight": 0
      },
      {
        "category": "doorWindow",
        "externalSpaces": [],
        "geometry": [
          1018,
          1019
        ],
        "id": 205,
        "length": 182.00000000005366,
        "sillHeight": 0
      },
      {
        "category": "doorWindow",
        "externalSpaces": [
          303
        ],
        "geometry": [
          1020,
          1021
        ],
        "id": 206,
        "length": 136.59999999970154,
        "sillHeight": 0
      },
      {
        "category": "doorWindow",