{
    "meta": {
        "cacheKey": "B1E1L01_0",
        "cells": [
            "X1E1C01"
        ],
        "projectSlug": "paris-venelles",
        "slug": "B1E1L01"
    },
    "v1": {
        "apartment": {
            "area": 885129,
            "blueprints": [
                {
                    "externalSpaces": [
                        {
                            "area": 13410.631711008162,
                            "polygon": [
                                [
                                    2011.6367926139096,
                                    -255.66958281300396
                                ],
                                [
                                    2237.7172378485798,
                                    -141.72901000791606
                                ],
                                [
                                    2198.2572800733465,
                                    -63.431631989149466
                                ],
                                [
                                    1940.6927462613792,
                                    -192.77609050892175
                                ],
                                [
                                    1980.4646762354946,
                                    -271.3797818584311
                                ]
                            ],
                            "type": "terrace",
                            "windows": [
                                4,
                                5
                            ]
                        }
                    ],
                    "externalWalls": [
                        0,
                        1,
                        2,
                        3,
                        4,
                        5,
                        6,
                        7,
                        8,
                        9
                    ],
                    "fixedItems": [
                        {
                            "coef1": 108,
                            "coef2": 244,
                            "sillHeight": 0,
                            "type": "doorWindow",
                            "vertex1": 1,
                            "vertex2": 2,
                            "width": 80
                        },
                        {
                            "coef1": 402,
                            "coef2": 538,
                            "sillHeight": 0,
                            "type": "doorWindow",
                            "vertex1": 1,
                            "vertex2": 2,
                            "width": 80
                        },
                        {
                            "coef1": 686,
                            "coef2": 895,
                            "sillHeight": 0,
                            "type": "doorWindow",
                            "vertex1": 1,
                            "vertex2": 2,
                            "width": 80
                        },
                        {
                            "coef1": 110,
                            "coef2": 815,
                            "sillHeight": 0,
                            "type": "doorWindow",
                            "vertex1": 7,
                            "vertex2": 8,
                            "width": 80
                        },
                        {
                            "coef1": 0,
                            "coef2": 999,
                            "sillHeight": 0,
                            "type": "doorWindow",
                            "vertex1": 8,
                            "vertex2": 9,
                            "width": 80
                        },
                        {
                            "coef1": 17,
                            "coef2": 925,
                            "sillHeight": 0,
                            "type": "doorWindow",
                            "vertex1": 9,
                            "vertex2": 0,
                            "width": 80
                        },
                        {
                            "coef1": 1,
                            "coef2": 592,
                            "type": "frontDoor",
                            "vertex1": 3,
                            "vertex2": 4,
                            "width": 90
                        },
                        {
                            "coef1": 45,
                            "coef2": 168,
                            "type": "duct",
                            "vertex1": 6,
                            "vertex2": 7,
                            "width": 66
                        },
                        {
                            "coef1": 587,
                            "coef2": 691,
                            "type": "duct",
                            "vertex1": 0,
                            "vertex2": 1,
                            "width": 57
                        }
                    ],
                    "forbiddenZones": [],
                    "level": 1,
                    "loadBearingWalls": [
                        [
                            10,
                            11
                        ]
                    ],
                    "rooms": [],
                    "unsplittableZones": [],
                    "vertices": [
                        {
                            "x": 2213,
                            "y": -56
                        },
                        {
                            "x": 1706,
                            "y": 952
                        },
                        {
                            "x": 866,
                            "y": 529
                        },
                        {
                            "x": 1082,
                            "y": 99
                        },
                        {
                            "x": 1229,
                            "y": 173
                        },
                        {
                            "x": 1301,
                            "y": 29
                        },
                        {
                            "x": 1474,
                            "y": 116
                        },
                        {
                            "x": 1732,
                            "y": -397
                        },
                        {
                            "x": 1980,
                            "y": -271
                        },
                        {
                            "x": 1941,
                            "y": -193
                        },
                        {
                            "x": 1336,
                            "y": 366
                        },
                        {
                            "x": 1175,
                            "y": 685
                        }
                    ]
                }
            ],
            "id": "B1E1L01",
            "ifcIds": [
                185214
            ],
            "levels": [
                1
            ],
            "north": [
                0.0,
                1.0
            ]
        }
    },
    "v2": {
        "aptInfos": {
            "north": [
                0.0,
                1.0
            ]
        },
        "floors": [
            {
                "elements": [
                    301,
                    201,
                    202,
                    203,
                    204,
                    205,
                    206,
                    207,
                    302,
                    303,
                    304,
                    305
                ],
                "id": 401,
                "level": 1
            }
        ],
        "linears": [
            {
                "category": "doorWindow",
                "externalSpaces": [],