{
    "meta": {
        "cacheKey": "B2E3L03_0",
        "cells": [
            "X2E3C03"
        ],
        "projectSlug": "paris-venelles",
        "slug": "B2E3L03"
    },
    "v1": {
        "apartment": {
            "area": 584473,
            "blueprints": [
                {
                    "externalSpaces": [
                        {
                            "area": 109629.86913491454,
                            "polygon": [
                                [
                                    1828.2983926017873,
                                    786.1916040839706
                                ],
                                [
                                    2341.4306653236627,
                                    1044.8012553190129
                                ],
                                [
                                    2323.740169036864,
                                    1079.9026698434795
                                ],
                                [
                                    2354.036652445061,
                                    1095.1985035043779
                                ],
                                [
                                    2273.065511999109,
                                    1255.8654627143092
                                ],
                                [
                                    1729.6118109600004,
                                    982.0077836679997
                                ]
                            ],
                            "type": "terrace",
                            "windows": [
                                2
                            ]
                        }
                    ],
                    "externalWalls": [
                        0,
                        1,
                        2,
                        3
                    ],
                    "fixedItems": [
                        {
                            "coef1": 64,
                            "coef2": 397,
                            "sillHeight": 0,
                            "type": "doorWindow",
                            "vertex1": 3,
                            "vertex2": 0,
                            "width": 80
                        },
                        {
                            "coef1": 642,
                            "coef2": 860,
                            "sillHeight": 0,
                            "type": "doorWindow",
                            "vertex1": 3,
                            "vertex2": 0,
                            "width": 80
                        },
                        {
                            "coef1": 283,
                            "coef2": 732,
                            "sillHeight": 0,
                            "type": "doorWindow",
                            "vertex1": 1,
                            "vertex2": 2,
                            "width": 80
                        },
                        {
                            "coef1": 587,
                            "coef2": 685,
                            "type": "frontDoor",
                            "vertex1": 0,
                            "vertex2": 1,
                            "width": 90
                        },
                        {
                            "coef1": 509,
                            "coef2": 587,
                            "type": "duct",
                            "vertex1": 0,
                            "vertex2": 1,
                            "width": 59
                        },
                        {
                            "coef1": 189,
                            "coef2": 262,
                            "type": "duct",
                            "vertex1": 2,
                            "vertex2": 3,
                            "width": 68
                        }
                    ],
                    "forbiddenZones": [],
                    "level": 3,
                    "loadBearingWalls": [],
                    "rooms": [],
                    "unsplittableZones": [],
                    "vertices": [
                        {
                            "x": 2789,
                            "y": 156
                        },
                        {
                            "x": 2341,
                            "y": 1045
                        },
                        {
                            "x": 1817,
                            "y": 780
                        },
                        {
                            "x": 2264,
                            "y": -108
                        }
                    ]
                }
            ],
            "id": "B2E3L03",
            "ifcIds": [
                356514
            ],
            "levels": [
                3
            ],
            "north": [
                0.0,
                1.0
            ]
        }
    },
    "v2": {
        "aptInfos": {
            "north": [
                0.0,
                1.0
            ]
        },
        "floors": [
            {
                "elements": [
                    301,
                    201,
                    202,
                    203,
                    204,
                    302,
                    303,
                    304
                ],
                "id": 401,
                "level": 3
            }
        ],
        "linears": [
            {
                "category": "doorWindow",
                "externalSpaces": [],
                "geometry": [
                    105,
                    106
                ],
                "id": 201,
                "length": 195.99999999993256,
                "sillHeight": 0
            },
            {
                "category": "doorWindow",
                "externalSpaces": [],
                "geometry": [
                    107,
                    108
                ],
                "id": 202,
                "length": 127.99999999995539,
                "sillHeight": 0
            },
            {
                "category": "doorWindow",
                "externalSpaces": [
                    302
                ],
                "geometry": [
                    109,
                    1010
                ],
                "id": 203,
                "length": 263.9999999999588,
                "sillHeight": 0
            },
            {
                "category": "frontDoor",
                "geometry": [
                    1011,
                    1012
                ],
                "id": 204,
                "length": 96.9995999999462
            }
        ],
        "spaces": [
            {
                "area": 584471.0766895965,
                "category": "empty",
                "geometry": [
                    101,
                    102,
                    103,
                    104
                ],
                "id": 301
            },
            {
                "area": 10962986.913491454,
                "category": "terrace",
                "geometry": [
                    1013,
                    1015,
                    1020,
                    1021,
                    1022,
                    1023
                ],
                "id": 302
            },
            {
                "area": 4595.729232472034,
                "category": "duct",
                "geometry": [
                    1024,
                    1025,
                    1026,
                    1027
                ],
                "id": 303
            },
            {
                "area": 4842.455210448779,
                "category": "duct",
                "geometry": [
                    1028,
                    1029,
                    1030,
                    1031
                ],
                "id": 304
            }
        ],