{
    "meta": {
        "cacheKey": "B1E3L03_0",
        "cells": [
            "X1E3C03"
        ],
        "projectSlug": "paris-venelles",
        "slug": "B1E3L03"
    },
    "v1": {
        "apartment": {
            "area": 1101777,
            "blueprints": [
                {
                    "externalSpaces": [
                        {
                            "area": 32654.359919364917,
                            "polygon": [
                                [
                                    577.5731185209594,
                                    -978.2667127160555
                                ],
                                [
                                    1071.47972660794,
                                    -729.3462530129634
                                ],
                                [
                                    1027.4011327183234,
                                    -641.8857492712003
                                ],
                                [
                                    498.75675562014686,
                                    -908.3132286050441
                                ],
                                [
                                    534.7056607609017,
                                    -979.6429068024479
                                ],
                                [
                                    569.4437309594325,
                                    -962.1364265952307
                                ]
                            ],
                            "type": "terrace",
                            "windows": [
                                2
                            ]
                        }
                    ],
                    "externalWalls": [
                        0,
                        1,
                        2,
                        3,
                        4,
                        5,
                        6,
                        7
                    ],
                    "fixedItems": [
                        {
                            "coef1": 174,
                            "coef2": 563,
                            "sillHeight": 0,
                            "type": "doorWindow",
                            "vertex1": 2,
                            "vertex2": 3,
                            "width": 80
                        },
                        {
                            "coef1": 714,
                            "coef2": 967,
                            "sillHeight": 0,
                            "type": "doorWindow",
                            "vertex1": 2,
                            "vertex2": 3,
                            "width": 80
                        },
                        {
                            "coef1": 321,
                            "coef2": 754,
                            "sillHeight": 0,
                            "type": "doorWindow",
                            "vertex1": 4,
                            "vertex2": 5,
                            "width": 80
                        },
                        {
                            "coef1": 594,
                            "coef2": 851,
                            "sillHeight": 0,
                            "type": "doorWindow",
                            "vertex1": 0,
                            "vertex2": 1,
                            "width": 80
                        },
                        {
                            "coef1": 54,
                            "coef2": 308,
                            "sillHeight": 0,
                            "type": "doorWindow",
                            "vertex1": 0,
                            "vertex2": 1,
                            "width": 80
                        },
                        {
                            "coef1": 264,
                            "coef2": 697,
                            "sillHeight": 0,
                            "type": "doorWindow",
                            "vertex1": 6,
                            "vertex2": 7,
                            "width": 80
                        },
                        {
                            "coef1": 555,
                            "coef2": 661,
                            "type": "frontDoor",
                            "vertex1": 5,
                            "vertex2": 6,
                            "width": 90
                        },
                        {
                            "coef1": 384,
                            "coef2": 456,
                            "type": "duct",
                            "vertex1": 1,
                            "vertex2": 2,
                            "width": 70
                        },
                        {
                            "coef1": 405,
                            "coef2": 485,
                            "type": "duct",
                            "vertex1": 5,
                            "vertex2": 6,
                            "width": 47
                        },
                        {
                            "coef1": 0,
                            "coef2": 1000,
                            "type": "duct",
                            "vertex1": 10,
                            "vertex2": 11,
                            "width": 104
                        }
                    ],
                    "forbiddenZones": [],
                    "level": 3,
                    "loadBearingWalls": [
                        [
                            8,
                            9
                        ]
                    ],
                    "rooms": [],
                    "unsplittableZones": [],
                    "vertices": [
                        {
                            "x": 49,
                            "y": -15
                        },
                        {
                            "x": -402,
                            "y": -242
                        },
                        {
                            "x": 84,
                            "y": -1207
                        },
                        {
                            "x": 535,
                            "y": -980
                        },
                        {
                            "x": 499,
                            "y": -908
                        },
                        {
                            "x": 1043,
                            "y": -634
                        },
                        {
                            "x": 631,
                            "y": 183
                        },
                        {
                            "x": 87,
                            "y": -92
                        },
                        {
                            "x": 288,
                            "y": -467
                        },
                        {
                            "x": 358,
                            "y": -605
                        },
                        {
                            "x": 345,
                            "y": -339
                        },
                        {
                            "x": 301,
                            "y": -252
                        }
                    ]
                }
            ],
            "id": "B1E3L03",
            "ifcIds": [
                358657
            ],
            "levels": [
                3
            ],
            "north": [
                0.0,
                1.0
            ]
        }
    },
    "v2": {
        "aptInfos": {
            "north": [
                0.0,
                1.0
            ]
        },