{
    "meta": {
        "cacheKey": "B3E1L03_0",
        "cells": [
            "X3E1C03"
        ],
        "projectSlug": "paris-venelles",
        "slug": "B3E1L03"
    },
    "v1": {
        "apartment": {
            "area": 663555,
            "blueprints": [
                {
                    "externalSpaces": [
                        {
                            "area": 13727.54553012252,
                            "polygon": [
                                [
                                    2014.9145082182017,
                                    2380.9908789543983
                                ],
                                [
                                    2038.781940080006,
                                    2333.6331995600026
                                ],
                                [
                                    2300.90908783193,
                                    2465.7406405913125
                                ],
                                [
                                    2260.8259213632236,
                                    2544.0946753244925
                                ],
                                [
                                    1999.1725692034877,
                                    2412.2259823081195
                                ]
                            ],
                            "type": "terrace",
                            "windows": [
                                3,
                                4
                            ]
                        }
                    ],
                    "externalWalls": [
                        0,
                        1,
                        2,
                        3,
                        4,
                        5
                    ],
                    "fixedItems": [
                        {
                            "coef1": 167,
                            "coef2": 883,
                            "sillHeight": 0,
                            "type": "doorWindow",
                            "vertex1": 3,
                            "vertex2": 4,
                            "width": 80
                        },
                        {
                            "coef1": 282,
                            "coef2": 459,
                            "sillHeight": 0,
                            "type": "doorWindow",
                            "vertex1": 5,
                            "vertex2": 0,
                            "width": 80
                        },
                        {
                            "coef1": 522,
                            "coef2": 868,
                            "sillHeight": 0,
                            "type": "doorWindow",
                            "vertex1": 5,
                            "vertex2": 0,
                            "width": 80
                        },
                        {
                            "coef1": 113,
                            "coef2": 1000,
                            "sillHeight": 0,
                            "type": "doorWindow",
                            "vertex1": 2,
                            "vertex2": 3,
                            "width": 80
                        },
                        {
                            "coef1": 29,
                            "coef2": 1000,
                            "sillHeight": 0,
                            "type": "doorWindow",
                            "vertex1": 1,
                            "vertex2": 2,
                            "width": 80
                        },
                        {
                            "coef1": 639,
                            "coef2": 718,
                            "type": "frontDoor",
                            "vertex1": 4,
                            "vertex2": 5,
                            "width": 90
                        },
                        {
                            "coef1": 375,
                            "coef2": 470,
                            "type": "duct",
                            "vertex1": 0,
                            "vertex2": 1,
                            "width": 71
                        },
                        {
                            "coef1": 520,
                            "coef2": 583,
                            "type": "duct",
                            "vertex1": 4,
                            "vertex2": 5,
                            "width": 67
                        }
                    ],
                    "forbiddenZones": [],
                    "level": 1,
                    "loadBearingWalls": [],
                    "rooms": [],
                    "unsplittableZones": [],
                    "vertices": [
                        {
                            "x": 1492,
                            "y": 3420
                        },
                        {
                            "x": 1999,
                            "y": 2412
                        },
                        {
                            "x": 2261,
                            "y": 2544
                        },
                        {
                            "x": 2301,
                            "y": 2466
                        },
                        {
                            "x": 2546,
                            "y": 2589
                        },
                        {
                            "x": 1997,
                            "y": 3674
                        }
                    ]
                }
            ],
            "id": "B3E1L03",
            "ifcIds": [
                100018
            ],
            "levels": [
                1
            ],
            "north": [
                0.0,
                1.0
            ]
        }
    },
    "v2": {
        "aptInfos": {
            "north": [
                0.0,
                1.0
            ]
        },
        "floors": [
            {
                "elements": [
                    301,
                    201,
                    202,
                    203,
                    204,
                    205,
                    206,
                    302,
                    303,
                    304
                ],
                "id": 401,
                "level": 1
            }
        ],
        "linears": [
            {
                "category": "doorWindow",
                "externalSpaces": [],
                "geometry": [
                    107,
                    108
                ],
                "id": 201,
                "length": 195.999999999997,
                "sillHeight": 0
            },
            {
                "category": "doorWindow",
                "externalSpaces": [],
                "geometry": [
                    109,
                    1010
                ],
                "id": 202,
                "length": 100.00000000003459,
                "sillHeight": 0
            },
            {
                "category": "doorWindow",
                "externalSpaces": [],
                "geometry": [
                    1011,
                    1012
                ],
                "id": 203,
                "length": 196.00000000006736,
                "sillHeight": 0
            },
            {
                "category": "doorWindow",
                "externalSpaces": [
                    302
                ],
                "geometry": [
                    1013,
                    1014
                ],
                "id": 204,
                "length": 78.1116000000251,
                "sillHeight": 0
            },
            {
                "category": "doorWindow",
                "externalSpaces": [
                    302
                ],
                "geometry": [
                    1015,
                    1016
                ],