{
    "meta": {
        "cacheKey": "B1E3L01_0",
        "cells": [
            "X1E3C01"
        ],
        "projectSlug": "paris-venelles",
        "slug": "B1E3L01"
    },
    "v1": {
        "apartment": {
            "area": 641510,
            "blueprints": [
                {
                    "externalSpaces": [
                        {
                            "area": 33730.15185694949,
                            "polygon": [
                                [
                                    1700.909019699995,
                                    -346.0106290199892
                                ],
                                [
                                    1727.4804385467967,
                                    -398.7335358552492
                                ],
                                [
                                    2237.658764690626,
                                    -141.61262192525876
                                ],
                                [
                                    2193.5801525274414,
                                    -54.15200960696402
                                ],
                                [
                                    1687.9766062314907,
                                    -308.96731486000164
                                ],
                                [
                                    1705.4838685651896,
                                    -343.7049855595902
                                ]
                            ],
                            "type": "terrace",
                            "windows": [
                                0,
                                1
                            ]
                        }
                    ],
                    "externalWalls": [
                        0,
                        1,
                        2,
                        3
                    ],
                    "fixedItems": [
                        {
                            "coef1": 169,
                            "coef2": 389,
                            "sillHeight": 0,
                            "type": "doorWindow",
                            "vertex1": 0,
                            "vertex2": 1,
                            "width": 80
                        },
                        {
                            "coef1": 519,
                            "coef2": 855,
                            "sillHeight": 0,
                            "type": "doorWindow",
                            "vertex1": 0,
                            "vertex2": 1,
                            "width": 80
                        },
                        {
                            "coef1": 174,
                            "coef2": 510,
                            "sillHeight": 0,
                            "type": "doorWindow",
                            "vertex1": 2,
                            "vertex2": 3,
                            "width": 80
                        },
                        {
                            "coef1": 640,
                            "coef2": 859,
                            "sillHeight": 0,
                            "type": "doorWindow",
                            "vertex1": 2,
                            "vertex2": 3,
                            "width": 80
                        },
                        {
                            "coef1": 462,
                            "coef2": 550,
                            "type": "frontDoor",
                            "vertex1": 3,
                            "vertex2": 0,
                            "width": 90
                        },
                        {
                            "coef1": 588,
                            "coef2": 655,
                            "type": "duct",
                            "vertex1": 3,
                            "vertex2": 0,
                            "width": 67
                        },
                        {
                            "coef1": 563,
                            "coef2": 660,
                            "type": "duct",
                            "vertex1": 1,
                            "vertex2": 2,
                            "width": 57
                        }
                    ],
                    "forbiddenZones": [],
                    "level": 3,
                    "loadBearingWalls": [],
                    "rooms": [],
                    "unsplittableZones": [],
                    "vertices": [
                        {
                            "x": 1688,
                            "y": -309
                        },
                        {
                            "x": 2209,
                            "y": -46
                        },
                        {
                            "x": 1714,
                            "y": 936
                        },
                        {
                            "x": 1193,
                            "y": 673
                        }
                    ]
                }
            ],
            "id": "B1E3L01",
            "ifcIds": [
                356194
            ],
            "levels": [
                3
            ],
            "north": [
                0.0,
                1.0
            ]
        }
    },
    "v2": {
        "aptInfos": {
            "north": [
                0.0,
                1.0
            ]
        },
        "floors": [
            {
                "elements": [
                    301,
                    201,
                    202,
                    203,
                    204,
                    205,
                    302,
                    303,
                    304
                ],
                "id": 401,
                "level": 3
            }
        ],
        "linears": [
            {
                "category": "doorWindow",
                "externalSpaces": [
                    302
                ],
                "geometry": [
                    105,
                    106
                ],
                "id": 201,
                "length": 127.99999999995933,
                "sillHeight": 0
            },
            {
                "category": "doorWindow",
                "externalSpaces": [
                    302
                ],
                "geometry": [
                    107,
                    108
                ],
                "id": 202,
                "length": 195.9999999999376,
                "sillHeight": 0
            },
            {
                "category": "doorWindow",
                "externalSpaces": [],
                "geometry": [
                    109,
                    1010
                ],
                "id": 203,
                "length": 195.99999999996595,
                "sillHeight": 0
            },
            {
                "category": "doorWindow",
                "externalSpaces": [],
                "geometry": [
                    1011,
                    1012
                ],
                "id": 204,
                "length": 127.99999999997767,
                "sillHeight": 0
            },
            {
                "category": "frontDoor",
                "geometry": [
                    1013,
                    1014
                ],
                "id": 205,
                "length": 96.99960000000692
            }
        ],
        "spaces": [
            {
                "area": 641509.840443052,
                "category": "empty",
                "geometry": [
                    101,
                    102,
                    103,
                    104
                ],
                "id": 301
            },
            {
                "area": 3373015.185694949,
                "category": "terrace",