{
    "hashKey": "A606_0",
    "v1": {
        "apartment": {
            "area": 800901,
            "blueprints": [
                {
                    "externalSpaces": [
                        {
                            "area": 46914.73999112421,
                            "polygon": [
                                [
                                    3294.2485488219936,
                                    2234.340971360676
                                ],
                                [
                                    3306.788307741852,
                                    2222.862537396469
                                ],
                                [
                                    3283.0211974197846,
                                    2196.8978601077592
                                ],
                                [
                                    3370.430693414082,
                                    2116.8864233626523
                                ],
                                [
                                    3708.909454874157,
                                    2486.6617848306896
                                ],
                                [
                                    3608.9601999600004,
                                    2578.1516555400035
                                ]
                            ],
                            "type": "loggia",
                            "windows": [
                                6,
                                7,
                                8
                            ]
                        }
                    ],
                    "externalWalls": [
                        0,
                        1,
                        2,
                        3,
                        4,
                        5
                    ],
                    "fixedItems": [
                        {
                            "coef1": 705,
                            "coef2": 958,
                            "sillHeight": 0,
                            "type": "doorWindow",
                            "vertex1": 1,
                            "vertex2": 2,
                            "width": 80
                        },
                        {
                            "coef1": 364,
                            "coef2": 618,
                            "sillHeight": 0,
                            "type": "doorWindow",
                            "vertex1": 1,
                            "vertex2": 2,
                            "width": 80
                        },
                        {
                            "coef1": 41,
                            "coef2": 277,
                            "sillHeight": 0,
                            "type": "doorWindow",
                            "vertex1": 1,
                            "vertex2": 2,
                            "width": 80
                        },
                        {
                            "coef1": 714,
                            "coef2": 958,
                            "sillHeight": 0,
                            "type": "doorWindow",
                            "vertex1": 0,
                            "vertex2": 1,
                            "width": 80
                        },
                        {
                            "coef1": 361,
                            "coef2": 623,
                            "sillHeight": 0,
                            "type": "doorWindow",
                            "vertex1": 0,
                            "vertex2": 1,
                            "width": 80
                        },
                        {
                            "coef1": 9,
                            "coef2": 271,
                            "sillHeight": 0,
                            "type": "doorWindow",
                            "vertex1": 0,
                            "vertex2": 1,
                            "width": 80
                        },
                        {
                            "coef1": 298,
                            "coef2": 1000,
                            "sillHeight": 0,
                            "type": "doorWindow",
                            "vertex1": 5,
                            "vertex2": 0,
                            "width": 80
                        },
                        {
                            "coef1": 80,
                            "coef2": 353,
                            "sillHeight": 0,
                            "type": "doorWindow",
                            "vertex1": 4,
                            "vertex2": 5,
                            "width": 80
                        },
                        {
                            "coef1": 569,
                            "coef2": 841,
                            "sillHeight": 0,
                            "type": "doorWindow",
                            "vertex1": 4,
                            "vertex2": 5,
                            "width": 80
                        },
                        {
                            "coef1": 602,
                            "coef2": 687,
                            "type": "frontDoor",
                            "vertex1": 2,
                            "vertex2": 3,
                            "width": 90
                        },
                        {
                            "coef1": 881,
                            "coef2": 1000,
                            "type": "duct",
                            "vertex1": 2,
                            "vertex2": 3,
                            "width": 37
                        },
                        {
                            "coef1": 0,
                            "coef2": 1000,
                            "type": "duct",
                            "vertex1": 6,
                            "vertex2": 7,
                            "width": 215
                        }
                    ],
                    "forbiddenZones": [],
                    "level": 6,
                    "loadBearingWalls": [],
                    "rooms": [],
                    "unsplittableZones": [],
                    "vertices": [
                        {
                            "x": 3283,
                            "y": 2197
                        },
                        {
                            "x": 2814,
                            "y": 1684
                        },
                        {
                            "x": 3344,
                            "y": 1199
                        },
                        {
                            "x": 4152,
                            "y": 2081
                        },
                        {
                            "x": 3709,
                            "y": 2487
                        },
                        {
                            "x": 3370,
                            "y": 2117
                        },
                        {
                            "x": 3586,
                            "y": 1752
                        },
                        {
                            "x": 3537,
                            "y": 1797
                        }
                    ]
                }
            ],
            "id": "A606",
            "ifcIds": [
                794696
            ],
            "levels": [
                6
            ],
            "north": [
                0.0,
                1.0
            ]
        }
    },
    "v2": {
        "aptInfos": {
            "ifcIds": [
                794696
            ],
            "name": "A606",
            "north": [
                0.0,
                1.0
            ]
        },