{
    "hashKey": "A602_0",
    "v1": {
        "apartment": {
            "area": 395546,
            "blueprints": [
                {
                    "externalSpaces": [
                        {
                            "area": 70007.42802689764,
                            "polygon": [
                                [
                                    4750.127487805062,
                                    2705.154627227056
                                ],
                                [
                                    5264.9808018507265,
                                    2233.87684554928
                                ],
                                [
                                    5354.24240891999,
                                    2331.39200080001
                                ],
                                [
                                    4839.389191917193,
                                    2802.6696936484154
                                ]
                            ],
                            "type": "loggia",
                            "windows": [
                                0,
                                1,
                                2
                            ]
                        }
                    ],
                    "externalWalls": [
                        0,
                        1,
                        2,
                        3
                    ],
                    "fixedItems": [
                        {
                            "coef1": 51,
                            "coef2": 247,
                            "sillHeight": 0,
                            "type": "doorWindow",
                            "vertex1": 0,
                            "vertex2": 1,
                            "width": 80
                        },
                        {
                            "coef1": 402,
                            "coef2": 598,
                            "sillHeight": 0,
                            "type": "doorWindow",
                            "vertex1": 0,
                            "vertex2": 1,
                            "width": 80
                        },
                        {
                            "coef1": 753,
                            "coef2": 949,
                            "sillHeight": 0,
                            "type": "doorWindow",
                            "vertex1": 0,
                            "vertex2": 1,
                            "width": 80
                        },
                        {
                            "coef1": 593,
                            "coef2": 738,
                            "type": "frontDoor",
                            "vertex1": 2,
                            "vertex2": 3,
                            "width": 90
                        },
                        {
                            "coef1": 0,
                            "coef2": 1000,
                            "type": "duct",
                            "vertex1": 4,
                            "vertex2": 5,
                            "width": 72
                        },
                        {
                            "coef1": 686,
                            "coef2": 859,
                            "type": "duct",
                            "vertex1": 1,
                            "vertex2": 2,
                            "width": 50
                        }
                    ],
                    "forbiddenZones": [],
                    "level": 6,
                    "loadBearingWalls": [],
                    "rooms": [],
                    "unsplittableZones": [],
                    "vertices": [
                        {
                            "x": 5265,
                            "y": 2234
                        },
                        {
                            "x": 4750,
                            "y": 2705
                        },
                        {
                            "x": 4367,
                            "y": 2287
                        },
                        {
                            "x": 4882,
                            "y": 1816
                        },
                        {
                            "x": 4760,
                            "y": 2257
                        },
                        {
                            "x": 4711,
                            "y": 2203
                        }
                    ]
                }
            ],
            "id": "A602",
            "ifcIds": [
                797532
            ],
            "levels": [
                6
            ],
            "north": [
                0.0,
                1.0
            ]
        }
    },
    "v2": {
        "aptInfos": {
            "ifcIds": [
                797532
            ],
            "name": "A602",
            "north": [
                0.0,
                1.0
            ]
        },
        "floors": [
            {
                "elements": [
                    301,
                    201,
                    202,
                    203,
                    204,
                    302,
                    303,
                    304
                ],
                "id": 401,
                "level": 6
            }
        ],
        "linears": [
            {
                "category": "window",
                "externalSpaces": [
                    302,
                    302,
                    302
                ],
                "geometry": [
                    105,
                    106
                ],
                "id": 201,
                "length": 136.5999999996876,
                "sillHeight": 66349.9
            },
            {
                "category": "window",
                "externalSpaces": [],
                "geometry": [
                    107,
                    108
                ],
                "id": 202,
                "length": 136.59999999953726,
                "sillHeight": 66349.9
            },
            {
                "category": "window",
                "externalSpaces": [],
                "geometry": [
                    109,
                    1010
                ],
                "id": 203,
                "length": 136.59999999891178,
                "sillHeight": 66349.9
            },
            {
                "category": "frontDoor",
                "geometry": [
                    1011,
                    1012
                ],
                "id": 204,
                "length": 101.33478554853562
            }
        ],
        "spaces": [
            {
                "area": 395545.6929082564,
                "category": "empty",
                "geometry": [
                    101,
                    102,
                    103,
                    104
                ],
                "id": 301
            },
            {
                "area": 7000742.802689764,
                "category": "loggia",
                "geometry": [
                    1013,
                    1014,
                    1015,
                    1016
                ],
                "id": 302
            },
            {
                "area": 5241.75976445733,
                "category": "duct",
                "geometry": [
                    1017,
                    1018,
                    1019,
                    1020
                ],
                "id": 303
            },
            {
                "area": 4890.334763532976,
                "category": "duct",
                "geometry": [
                    1021,
                    1022,
                    1023,
                    1024
                ],
                "id": 304
            }
        ],
        "vertices": [
            {
                "id": 101,
                "x": 5264.9132817400005,