{
    "meta": {
        "cacheKey": "B1E2L01_0",
        "cells": [
            "X1E2C01"
        ],
        "projectSlug": "paris-venelles",
        "slug": "B1E2L01"
    },
    "v1": {
        "apartment": {
            "area": 395986,
            "blueprints": [
                {
                    "externalSpaces": [
                        {
                            "area": 21084.4274104519,
                            "polygon": [
                                [
                                    942.31275874061,
                                    424.0998208912923
                                ],
                                [
                                    1242.2297780982199,
                                    575.2552572395217
                                ],
                                [
                                    1192.7790545085163,
                                    673.3747073010902
                                ],
                                [
                                    892.8470125310002,
                                    522.249563763
                                ]
                            ],
                            "type": "terrace",
                            "windows": [
                                2
                            ]
                        }
                    ],
                    "externalWalls": [
                        0,
                        1,
                        2,
                        3,
                        4,
                        5
                    ],
                    "fixedItems": [
                        {
                            "coef1": 174,
                            "coef2": 393,
                            "sillHeight": 0,
                            "type": "doorWindow",
                            "vertex1": 3,
                            "vertex2": 4,
                            "width": 80
                        },
                        {
                            "coef1": 524,
                            "coef2": 860,
                            "sillHeight": 0,
                            "type": "doorWindow",
                            "vertex1": 3,
                            "vertex2": 4,
                            "width": 80
                        },
                        {
                            "coef1": 174,
                            "coef2": 723,
                            "sillHeight": 0,
                            "type": "doorWindow",
                            "vertex1": 5,
                            "vertex2": 0,
                            "width": 80
                        },
                        {
                            "coef1": 380,
                            "coef2": 483,
                            "type": "frontDoor",
                            "vertex1": 1,
                            "vertex2": 2,
                            "width": 90
                        },
                        {
                            "coef1": 939,
                            "coef2": 1000,
                            "type": "duct",
                            "vertex1": 1,
                            "vertex2": 2,
                            "width": 89
                        }
                    ],
                    "forbiddenZones": [],
                    "level": 2,
                    "loadBearingWalls": [],
                    "rooms": [],
                    "unsplittableZones": [],
                    "vertices": [
                        {
                            "x": 923,
                            "y": 414
                        },
                        {
                            "x": 1082,
                            "y": 99
                        },
                        {
                            "x": 1922,
                            "y": 523
                        },
                        {
                            "x": 1714,
                            "y": 936
                        },
                        {
                            "x": 1193,
                            "y": 673
                        },
                        {
                            "x": 1242,
                            "y": 575
                        }
                    ]
                }
            ],
            "id": "B1E2L01",
            "ifcIds": [
                270033
            ],
            "levels": [
                2
            ],
            "north": [
                0.0,
                1.0
            ]
        }
    },
    "v2": {
        "aptInfos": {
            "north": [
                0.0,
                1.0
            ]
        },
        "floors": [
            {
                "elements": [
                    301,
                    201,
                    202,
                    203,
                    204,
                    302,
                    303
                ],
                "id": 401,
                "level": 2
            }
        ],
        "linears": [
            {
                "category": "doorWindow",
                "externalSpaces": [],
                "geometry": [
                    107,
                    108
                ],
                "id": 201,
                "length": 127.7059999999777,
                "sillHeight": 0
            },
            {
                "category": "doorWindow",
                "externalSpaces": [],
                "geometry": [
                    109,
                    1010
                ],
                "id": 202,
                "length": 195.99999999996567,
                "sillHeight": 0
            },
            {
                "category": "doorWindow",
                "externalSpaces": [
                    302
                ],
                "geometry": [
                    1011,
                    1012
                ],
                "id": 203,
                "length": 195.99999999988248,
                "sillHeight": 0
            },
            {
                "category": "frontDoor",
                "geometry": [
                    1013,
                    1014
                ],
                "id": 204,
                "length": 96.99959999998657
            }
        ],
        "spaces": [
            {
                "area": 395990.8823445693,
                "category": "empty",
                "geometry": [
                    101,
                    102,
                    103,
                    104,
                    105,
                    106
                ],
                "id": 301
            },
            {
                "area": 2108442.74104519,
                "category": "terrace",
                "geometry": [
                    1015,
                    1016,
                    1017,
                    1018
                ],
                "id": 302
            },
            {
                "area": 5075.1779988440385,
                "category": "duct",
                "geometry": [
                    1019,
                    1020,
                    1021,
                    1022
                ],
                "id": 303
            }
        ],
        "vertices": [
            {
                "id": 101,
                "x": 923.3671961160001,
                "y": 414.43944805700005
            },
            {
                "id": 102,
                "x": 1082.1700286897762,
                "y": 99.34381241732842
            },
            {
                "id": 103,
                "x": 1921.9778306089709,
                "y": 522.5418424576139
            },
            {
                "id": 104,
                "x": 1713.6605257823235,
                "y": 935.8898183811104
            },
            {
                "id": 105,
                "x": 1192.868354513892,