{
    "meta": {
        "cacheKey": "B2E1L03_0",
        "cells": [
            "X2E1C03"
        ],
        "projectSlug": "paris-venelles",
        "slug": "B2E1L03"
    },
    "v1": {
        "apartment": {
            "area": 492256,
            "blueprints": [
                {
                    "externalSpaces": [
                        {
                            "area": 10801.848486607287,
                            "polygon": [
                                [
                                    2562.211537204741,
                                    21.810416421262783
                                ],
                                [
                                    2816.8471407812635,
                                    150.14228739924837
                                ],
                                [
                                    2781.714823346342,
                                    219.85169619713216
                                ],
                                [
                                    2495.8704927991876,
                                    75.79117525993976
                                ],
                                [
                                    2531.0418807493675,
                                    6.101457132056146
                                ]
                            ],
                            "type": "terrace",
                            "windows": [
                                2,
                                3
                            ]
                        }
                    ],
                    "externalWalls": [
                        0,
                        1,
                        2,
                        3,
                        4,
                        5,
                        6,
                        7,
                        8,
                        9,
                        10,
                        11,
                        12,
                        13
                    ],
                    "fixedItems": [
                        {
                            "coef1": 129,
                            "coef2": 806,
                            "sillHeight": 0,
                            "type": "doorWindow",
                            "vertex1": 1,
                            "vertex2": 2,
                            "width": 80
                        },
                        {
                            "coef1": 111,
                            "coef2": 721,
                            "sillHeight": 0,
                            "type": "doorWindow",
                            "vertex1": 5,
                            "vertex2": 6,
                            "width": 80
                        },
                        {
                            "coef1": 0,
                            "coef2": 973,
                            "sillHeight": 0,
                            "type": "doorWindow",
                            "vertex1": 2,
                            "vertex2": 3,
                            "width": 80
                        },
                        {
                            "coef1": 0,
                            "coef2": 890,
                            "sillHeight": 0,
                            "type": "doorWindow",
                            "vertex1": 3,
                            "vertex2": 4,
                            "width": 80
                        },
                        {
                            "coef1": 376,
                            "coef2": 733,
                            "type": "frontDoor",
                            "vertex1": 10,
                            "vertex2": 11,
                            "width": 90
                        },
                        {
                            "coef1": 104,
                            "coef2": 376,
                            "type": "duct",
                            "vertex1": 10,
                            "vertex2": 11,
                            "width": 61
                        }
                    ],
                    "forbiddenZones": [],
                    "level": 1,
                    "loadBearingWalls": [
                        [
                            14,
                            15
                        ]
                    ],
                    "rooms": [],
                    "unsplittableZones": [],
                    "vertices": [
                        {
                            "x": 2024,
                            "y": 369
                        },
                        {
                            "x": 2273,
                            "y": -124
                        },
                        {
                            "x": 2531,
                            "y": 6
                        },
                        {
                            "x": 2496,
                            "y": 76
                        },
                        {
                            "x": 2782,
                            "y": 220
                        },
                        {
                            "x": 2817,
                            "y": 150
                        },
                        {
                            "x": 3104,
                            "y": 295
                        },
                        {
                            "x": 2952,
                            "y": 596
                        },
                        {
                            "x": 2759,
                            "y": 499
                        },
                        {
                            "x": 2687,
                            "y": 642
                        },
                        {
                            "x": 2573,
                            "y": 584
                        },
                        {
                            "x": 2451,
                            "y": 827
                        },
                        {
                            "x": 2217,
                            "y": 709
                        },
                        {
                            "x": 2315,
                            "y": 515
                        },
                        {
                            "x": 2772,
                            "y": 214
                        },
                        {
                            "x": 2755,
                            "y": 248
                        }
                    ]
                }
            ],
            "id": "B2E1L03",
            "ifcIds": [
                185440
            ],
            "levels": [
                1
            ],
            "north": [
                0.0,
                1.0
            ]
        }
    },
    "v2": {
        "aptInfos": {
            "north": [
                0.0,
                1.0
            ]
        },
        "floors": [
            {
                "elements": [
                    301,
                    201,
                    202,
                    203,
                    204,
                    205,
                    302,
                    303,
                    304
                ],
                "id": 401,
                "level": 1
            }
        ],
        "linears": [
            {
                "category": "doorWindow",
                "externalSpaces": [],
                "geometry": [
                    1015,
                    1016
                ],
                "id": 201,
                "length": 195.99999999990695,
                "sillHeight": 0
            },
            {
                "category": "doorWindow",
                "externalSpaces": [],
                "geometry": [
                    1017,
                    1018
                ],
                "id": 202,
                "length": 195.9999999999064,