{
    "meta": {
        "cacheKey": "B1E2L05_0",
        "cells": [
            "X1E2C05"
        ],
        "projectSlug": "paris-venelles",
        "slug": "B1E2L05"
    },
    "v1": {
        "apartment": {
            "area": 775510,
            "blueprints": [
                {
                    "externalSpaces": [
                        {
                            "area": 24574.021065321824,
                            "polygon": [
                                [
                                    50.440443381679415,
                                    -18.766431404015478
                                ],
                                [
                                    87.03429583784491,
                                    -91.37459833883952
                                ],
                                [
                                    616.8116785815123,
                                    175.623590664839
                                ],
                                [
                                    578.4237874784856,
                                    251.79486523824494
                                ]
                            ],
                            "type": "terrace",
                            "windows": [
                                2,
                                3
                            ]
                        }
                    ],
                    "externalWalls": [
                        0,
                        1,
                        2,
                        3,
                        4,
                        5,
                        6,
                        7,
                        8,
                        9
                    ],
                    "fixedItems": [
                        {
                            "coef1": 566,
                            "coef2": 955,
                            "sillHeight": 0,
                            "type": "doorWindow",
                            "vertex1": 6,
                            "vertex2": 7,
                            "width": 80
                        },
                        {
                            "coef1": 54,
                            "coef2": 308,
                            "sillHeight": 0,
                            "type": "doorWindow",
                            "vertex1": 6,
                            "vertex2": 7,
                            "width": 80
                        },
                        {
                            "coef1": 264,
                            "coef2": 586,
                            "sillHeight": 0,
                            "type": "doorWindow",
                            "vertex1": 4,
                            "vertex2": 5,
                            "width": 80
                        },
                        {
                            "coef1": 710,
                            "coef2": 809,
                            "sillHeight": 0,
                            "type": "doorWindow",
                            "vertex1": 4,
                            "vertex2": 5,
                            "width": 80
                        },
                        {
                            "coef1": 578,
                            "coef2": 967,
                            "sillHeight": 0,
                            "type": "doorWindow",
                            "vertex1": 8,
                            "vertex2": 9,
                            "width": 80
                        },
                        {
                            "coef1": 39,
                            "coef2": 428,
                            "sillHeight": 0,
                            "type": "doorWindow",
                            "vertex1": 8,
                            "vertex2": 9,
                            "width": 80
                        },
                        {
                            "coef1": 53,
                            "coef2": 645,
                            "type": "frontDoor",
                            "vertex1": 1,
                            "vertex2": 2,
                            "width": 90
                        },
                        {
                            "coef1": 384,
                            "coef2": 456,
                            "type": "duct",
                            "vertex1": 7,
                            "vertex2": 8,
                            "width": 65
                        },
                        {
                            "coef1": 669,
                            "coef2": 912,
                            "type": "duct",
                            "vertex1": 10,
                            "vertex2": 11,
                            "width": 47
                        }
                    ],
                    "forbiddenZones": [],
                    "level": 2,
                    "loadBearingWalls": [
                        [
                            10,
                            11
                        ]
                    ],
                    "rooms": [],
                    "unsplittableZones": [],
                    "vertices": [
                        {
                            "x": 284,
                            "y": -483
                        },
                        {
                            "x": 631,
                            "y": -308
                        },
                        {
                            "x": 557,
                            "y": -162
                        },
                        {
                            "x": 755,
                            "y": -63
                        },
                        {
                            "x": 631,
                            "y": 183
                        },
                        {
                            "x": 87,
                            "y": -92
                        },
                        {
                            "x": 49,
                            "y": -15
                        },
                        {
                            "x": -402,
                            "y": -242
                        },
                        {
                            "x": 84,
                            "y": -1207
                        },
                        {
                            "x": 535,
                            "y": -980
                        },
                        {
                            "x": 96,
                            "y": -86
                        },
                        {
                            "x": 249,
                            "y": -388
                        }
                    ]
                }
            ],
            "id": "B1E2L05",
            "ifcIds": [
                270331
            ],
            "levels": [
                2
            ],
            "north": [
                0.0,
                1.0
            ]
        }
    },
    "v2": {
        "aptInfos": {
            "north": [
                0.0,
                1.0
            ]
        },
        "floors": [
            {
                "elements": [
                    301,
                    201,
                    202,
                    203,
                    204,
                    205,
                    206,
                    207,
                    302,
                    303,
                    304,
                    305
                ],
                "id": 401,
                "level": 2
            }
        ],
        "linears": [
            {
                "category": "doorWindow",
                "externalSpaces": [],
                "geometry": [
                    1011,
                    1012
                ],
                "id": 201,
                "length": 196.0000000000761,