{
    "hashKey": "B001_0",
    "v1": {
        "apartment": {
            "area": 446707,
            "blueprints": [
                {
                    "externalSpaces": [
                        {
                            "area": 145718.8856595477,
                            "polygon": [
                                [
                                    -2292.618768110001,
                                    321.4521087462
                                ],
                                [
                                    -1977.17173068,
                                    321.37767265900004
                                ],
                                [
                                    -1977.062735715,
                                    783.2791528580001
                                ],
                                [
                                    -2292.6187681100196,
                                    783.2791528580003
                                ],
                                [
                                    -2292.618768110018,
                                    745.643710459811
                                ],
                                [
                                    -2332.518772474805,
                                    745.6437104598438
                                ],
                                [
                                    -2332.518772474,
                                    384.3312358493975
                                ],
                                [
                                    -2292.6187681100037,
                                    384.33123646944455
                                ]
                            ],
                            "type": "terrace",
                            "windows": [
                                2
                            ]
                        }
                    ],
                    "externalWalls": [
                        0,
                        1,
                        2,
                        3,
                        4,
                        5,
                        6,
                        7
                    ],
                    "fixedItems": [
                        {
                            "coef1": 622,
                            "coef2": 1000,
                            "sillHeight": 68,
                            "type": "doorWindow",
                            "vertex1": 0,
                            "vertex2": 1,
                            "width": 80
                        },
                        {
                            "coef1": 185,
                            "coef2": 336,
                            "sillHeight": 68,
                            "type": "doorWindow",
                            "vertex1": 0,
                            "vertex2": 1,
                            "width": 80
                        },
                        {
                            "coef1": 0,
                            "coef2": 382,
                            "sillHeight": 68,
                            "type": "doorWindow",
                            "vertex1": 1,
                            "vertex2": 2,
                            "width": 80
                        },
                        {
                            "coef1": 0,
                            "coef2": 690,
                            "type": "frontDoor",
                            "vertex1": 5,
                            "vertex2": 6,
                            "width": 90
                        },
                        {
                            "coef1": 0,
                            "coef2": 1000,
                            "type": "duct",
                            "vertex1": 8,
                            "vertex2": 9,
                            "width": 52
                        }
                    ],
                    "forbiddenZones": [],
                    "level": 0,
                    "loadBearingWalls": [],
                    "rooms": [],
                    "unsplittableZones": [],
                    "vertices": [
                        {
                            "x": -3266,
                            "y": 384
                        },
                        {
                            "x": -2333,
                            "y": 384
                        },
                        {
                            "x": -2333,
                            "y": 746
                        },
                        {
                            "x": -2752,
                            "y": 746
                        },
                        {
                            "x": -2752,
                            "y": 990
                        },
                        {
                            "x": -3155,
                            "y": 990
                        },
                        {
                            "x": -3155,
                            "y": 845
                        },
                        {
                            "x": -3266,
                            "y": 845
                        },
                        {
                            "x": -2971,
                            "y": 664
                        },
                        {
                            "x": -2971,
                            "y": 731
                        }
                    ]
                }
            ],
            "id": "B001",
            "ifcIds": [
                122440
            ],
            "levels": [
                0
            ],
            "north": [
                -0.5364660627410469,
                0.8439218942100739
            ]
        }
    },
    "v2": {
        "aptInfos": {
            "ifcIds": [
                122440
            ],
            "name": "B001",
            "north": [
                -0.5364660627410469,
                0.8439218942100739
            ]
        },
        "floors": [
            {
                "elements": [
                    301,
                    201,
                    202,
                    203,
                    204,
                    302,
                    303
                ],
                "id": 401,
                "level": 0
            }
        ],
        "linears": [
            {
                "category": "doorWindow",
                "externalSpaces": [
                    302
                ],
                "geometry": [
                    109,
                    1010
                ],
                "id": 201,
                "length": 352.72620231000695,
                "sillHeight": 679.9000000000001
            },
            {
                "category": "doorWindow",
                "externalSpaces": [],
                "geometry": [
                    1011,
                    1012
                ],
                "id": 202,
                "length": 140.0000000000455,
                "sillHeight": 679.9000000000001
            },
            {
                "category": "doorWindow",
                "externalSpaces": [],
                "geometry": [
                    1013,
                    1014
                ],
                "id": 203,
                "length": 137.99999614244575,
                "sillHeight": 679.9000000000001
            },
            {
                "category": "frontDoor",
                "geometry": [
                    1015,
                    1016
                ],
                "id": 204,
                "length": 99.99998907319805
            }
        ],
        "spaces": [
            {
                "area": 446707.23532645433,
                "category": "empty",