{
    "hashKey": "H01_10",
    "v1": {
        "apartment": {
            "area": 446061,
            "blueprints": [
                {
                    "externalSpaces": [
                        {
                            "area": 36880120.263825014,
                            "polygon": [
                                [
                                    -356.12333109200006,
                                    -827.9216983439986
                                ],
                                [
                                    -356.10372204788416,
                                    -1293.2535065399402
                                ],
                                [
                                    436.6630533198163,
                                    -1293.2535065399138
                                ],
                                [
                                    436.44454120894,
                                    -828.0531750202521
                                ],
                                [
                                    407.44453484215865,
                                    -828.0483642973071
                                ],
                                [
                                    407.42803410599896,
                                    -794.1442175067535
                                ],
                                [
                                    -351.10512943541573,
                                    -793.9445862016989
                                ],
                                [
                                    -351.1028790521003,
                                    -827.9225311715336
                                ]
                            ],
                            "type": "garden",
                            "windows": [
                                0,
                                1,
                                2
                            ]
                        }
                    ],
                    "externalWalls": [
                        0,
                        1,
                        2,
                        3
                    ],
                    "fixedItems": [
                        {
                            "coef1": 808,
                            "coef2": 966,
                            "sillHeight": 0,
                            "type": "doorWindow",
                            "vertex1": 3,
                            "vertex2": 0,
                            "width": 80
                        },
                        {
                            "coef1": 26,
                            "coef2": 422,
                            "sillHeight": 0,
                            "type": "doorWindow",
                            "vertex1": 3,
                            "vertex2": 0,
                            "width": 80
                        },
                        {
                            "coef1": 571,
                            "coef2": 729,
                            "sillHeight": 0,
                            "type": "doorWindow",
                            "vertex1": 3,
                            "vertex2": 0,
                            "width": 80
                        },
                        {
                            "coef1": 556,
                            "coef2": 678,
                            "type": "frontDoor",
                            "vertex1": 1,
                            "vertex2": 2,
                            "width": 90
                        },
                        {
                            "coef1": 780,
                            "coef2": 829,
                            "type": "duct",
                            "vertex1": 1,
                            "vertex2": 2,
                            "width": 60
                        },
                        {
                            "coef1": 277,
                            "coef2": 365,
                            "type": "duct",
                            "vertex1": 1,
                            "vertex2": 2,
                            "width": 60
                        }
                    ],
                    "forbiddenZones": [],
                    "level": 0,
                    "loadBearingWalls": [],
                    "rooms": [],
                    "unsplittableZones": [],
                    "vertices": [
                        {
                            "x": 407,
                            "y": -794
                        },
                        {
                            "x": 407,
                            "y": -206
                        },
                        {
                            "x": -351,
                            "y": -206
                        },
                        {
                            "x": -351,
                            "y": -794
                        }
                    ]
                }
            ],
            "id": "H01",
            "ifcIds": [
                118365
            ],
            "levels": [
                0
            ],
            "north": [
                -0.12904881238203814,
                0.9916382425172929
            ]
        }
    },
    "v2": {
        "aptInfos": {
            "ifcIds": [
                118365
            ],
            "name": "H01",
            "north": [
                -0.12904881238203814,
                0.9916382425172929
            ]
        },
        "floors": [
            {
                "elements": [
                    301,
                    201,
                    202,
                    203,
                    204,
                    302,
                    303,
                    304
                ],
                "id": 401,
                "level": 0
            }
        ],
        "linears": [
            {
                "category": "doorWindow",
                "externalSpaces": [
                    302,
                    302,
                    302
                ],
                "geometry": [
                    105,
                    106
                ],
                "id": 201,
                "length": 119.99999999999723,
                "sillHeight": -1e-07
            },
            {
                "category": "doorWindow",
                "externalSpaces": [],
                "geometry": [
                    107,
                    108
                ],
                "id": 202,
                "length": 300.0000000000017,
                "sillHeight": -1e-07
            },
            {
                "category": "doorWindow",
                "externalSpaces": [],
                "geometry": [
                    109,
                    1010
                ],
                "id": 203,
                "length": 119.99999999999886,
                "sillHeight": -1e-07
            },
            {
                "category": "frontDoor",
                "geometry": [
                    1011,
                    1012
                ],
                "id": 204,
                "length": 92.99999999999991
            }
        ],
        "spaces": [
            {
                "area": 446061.0535167302,
                "category": "empty",
                "geometry": [
                    101,
                    102,
                    103,
                    104
                ],
                "id": 301
            },
            {
                "area": 36880120.263825014,
                "category": "garden",
                "geometry": [
                    1013,
                    1014,
                    1015,
                    1016,
                    1017,
                    1018,
                    1019,
                    1020
                ],
                "id": 302
            },
            {
                "area": 2229.3864864975044,