{
  "meta": {
    "cacheKey": "A103_0",
    "projectSlug": "test-base",
    "slug": "saint-maur-faculte_A103"
  },
  "v1": {
    "apartment": {
      "area": 682292,
      "blueprints": [
        {
          "externalSpaces": [
            {
              "area": 167217.35810331188,
              "polygon": [
                [
                  -5622.888841847,
                  442.61589568401615
                ],
                [
                  -5622.888841847,
                  280.6068415840001
                ],
                [
                  -4823.9848672198,
                  280.6068415840001
                ],
                [
                  -4823.9848672198,
                  967.4448920399946
                ],
                [
                  -4935.88486722,
                  967.4448920399922
                ],
                [
                  -4935.929310196699,
                  482.5327449497698
                ],
                [
                  -5616.283073117999,
                  482.51589191100004
                ],
                [
                  -5616.283073118103,
                  442.6158956840174
                ]
              ],
              "type": "terrace",
              "windows": [
                0,
                1,
                4,
                5
              ]
            }
          ],
          "externalWalls": [
            0,
            1,
            2,
            3,
            4,
            5,
            6,
            7
          ],
          "fixedItems": [
            {
              "coef1": 482,
              "coef2": 1000,
              "sillHeight": 0,
              "type": "doorWindow",
              "vertex1": 7,
              "vertex2": 0,
              "width": 80
            },
            {
              "coef1": 115,
              "coef2": 247,
              "sillHeight": 0,
              "type": "doorWindow",
              "vertex1": 7,
              "vertex2": 0,
              "width": 80
            },
            {
              "coef1": 753,
              "coef2": 879,
              "sillHeight": 0,
              "type": "doorWindow",
              "vertex1": 0,
              "vertex2": 1,
              "width": 80
            },
            {
              "coef1": 609,
              "coef2": 735,
              "sillHeight": 0,
              "type": "doorWindow",
              "vertex1": 0,
              "vertex2": 1,
              "width": 80
            },
            {
              "coef1": 0,
              "coef2": 81,
              "sillHeight": 0,
              "type": "doorWindow",
              "vertex1": 0,
              "vertex2": 1,
              "width": 80
            },
            {
              "coef1": 347,
              "coef2": 438,
              "sillHeight": 0,
              "type": "doorWindow",
              "vertex1": 0,
              "vertex2": 1,
              "width": 80
            },
            {
              "coef1": 105,
              "coef2": 339,
              "type": "frontDoor",
              "vertex1": 3,
              "vertex2": 4,
              "width": 90
            },
            {
              "coef1": 76,
              "coef2": 251,
              "type": "duct",
              "vertex1": 6,
              "vertex2": 7,
              "width": 42
            },
            {
              "coef1": 413,
              "coef2": 685,
              "type": "duct",
              "vertex1": 4,
              "vertex2": 5,
              "width": 47
            },
            {
              "coef1": 952,
              "coef2": 1000,
              "type": "duct",
              "vertex1": 1,
              "vertex2": 2,
              "width": 32
            }
          ],
          "forbiddenZones": [],
          "level": 1,
          "loadBearingWalls": [],
          "rooms": [],
          "unsplittableZones": [],
          "vertices": [
            {
              "x": -4936,
              "y": 483
            },
            {
              "x": -4936,
              "y": 1591
            },
            {
              "x": -5386,
              "y": 1591
            },
            {
              "x": -5386,
              "y": 1091
            },
            {
              "x": -5814,
              "y": 1089
            },
            {
              "x": -5814,
              "y": 867
            },
            {
              "x": -5616,
              "y": 867
            },
            {
              "x": -5616,
              "y": 483
            }
          ]
        }
      ],
      "id": "A103",
      "ifcIds": [
        550540
      ],
      "levels": [
        1
      ],
      "north": [
        -0.5364660627410469,
        0.8439218942100739
      ]
    }
  },
  "v2": {
    "aptInfos": {
      "north": [
        -0.5364660627410469,
        0.8439218942100739
      ]
    },
    "floors": [
      {
        "elements": [
          301,
          201,
          202,
          203,
          204,
          205,
          206,
          207,
          302,
          303,
          304,
          305
        ],
        "id": 401,
        "level": 1
      }
    ],
    "linears": [
      {
        "category": "doorWindow",
        "externalSpaces": [
          302
        ],
        "geometry": [
          1011,
          1012
        ],
        "id": 201,
        "length": 352.7262023100542,
        "sillHeight": 0
      },
      {
        "category": "doorWindow",
        "externalSpaces": [
          302
        ],
        "geometry": [
          1013,
          1014
        ],
        "id": 202,
        "length": 89.99999999998109,
        "sillHeight": 0
      },
      {
        "category": "doorWindow",
        "externalSpaces": [],
        "geometry": [
          1015,
          1016
        ],
        "id": 203,
        "length": 140.00000000034962,
        "sillHeight": 0
      },
      {
        "category": "doorWindow",
        "externalSpaces": [],
        "geometry": [
          1017,
          1018
        ],
        "id": 204,
        "length": 139.99999999975915,
        "sillHeight": 0
      },
      {
        "category": "doorWindow",
        "externalSpaces": [
          302
        ],
        "geometry": [
          1019,
          1020
        ],
        "id": 205,
        "length": 89.99999999991141,
        "sillHeight": 0
      },
      {
        "category": "doorWindow",
        "externalSpaces": [
          302
        ],
        "geometry": [
          1021,
          1022
        ],
        "id": 206,
        "length": 99.99999999993288,
        "sillHeight": 0
      },
      {
        "category": "frontDoor",
        "geometry": [
          1023,
          1024
        ],
        "id": 207,
        "length": 99.99999874733814
      }
    ],
    "spaces": [
      {
        "area": 682154.305489185,
        "category": "empty",
        "geometry": [
          101,
          102,
          103,
          104,
          105,
          106,
          107,
          108,
          109,
          1010
        ],
        "id": 301
      },
      {
        "area": 16721735.810331188,
        "category": "terrace",
        "geometry": [
          1025,
          1026,
          1027,
          1028,
          1029,
          1030,
          1031,
          1032
        ],
        "id": 302
      },
      {
        "area": 2835.7484714774178,
        "category": "duct",
        "geometry": [
          1033,
          1034,
          1035,
          1036
        ],
        "id": 303
      },
      {
        "area": 2832.787253890012,
        "category": "duct",
        "geometry": [
          1037,
          1038,
          1039,
          1040
        ],
        "id": 304
      },
      {
        "area": 685.4152637048494,
        "category": "duct",
        "geometry": [
          1041,
          1042,
          1043,
          1044
        ],
        "id": 305
      }
    ],