{
    "hashKey": "H08_10",
    "v1": {
        "apartment": {
            "area": 588908,
            "blueprints": [
                {
                    "externalSpaces": [
                        {
                            "area": 30645084.80426389,
                            "polygon": [
                                [
                                    -834.5862567192387,
                                    219.84666143946637
                                ],
                                [
                                    -831.7898288351382,
                                    219.84692238658334
                                ],
                                [
                                    -831.7866658366736,
                                    185.94692507411264
                                ],
                                [
                                    -523.879581558792,
                                    185.9756559055581
                                ],
                                [
                                    -523.8272952770919,
                                    488.36650839485736
                                ],
                                [
                                    406.82902353345196,
                                    488.45527976674674
                                ],
                                [
                                    406.8145893836015,
                                    522.3552833067093
                                ],
                                [
                                    435.8192624382088,
                                    522.3579899727604
                                ],
                                [
                                    435.8010706920002,
                                    717.3010085010001
                                ],
                                [
                                    -737.9338260967278,
                                    717.3328046431054
                                ],
                                [
                                    -737.933826094821,
                                    414.8704663302775
                                ],
                                [
                                    -834.586256720236,
                                    414.8704663309339
                                ]
                            ],
                            "type": "balcony",
                            "windows": [
                                0,
                                1,
                                2,
                                3,
                                4,
                                5
                            ]
                        }
                    ],
                    "externalWalls": [
                        0,
                        1,
                        2,
                        3,
                        4,
                        5,
                        6,
                        7,
                        8,
                        9,
                        10,
                        11
                    ],
                    "fixedItems": [
                        {
                            "coef1": 0,
                            "coef2": 129,
                            "sillHeight": 0,
                            "type": "doorWindow",
                            "vertex1": 10,
                            "vertex2": 11,
                            "width": 80
                        },
                        {
                            "coef1": 418,
                            "coef2": 741,
                            "sillHeight": 0,
                            "type": "doorWindow",
                            "vertex1": 10,
                            "vertex2": 11,
                            "width": 80
                        },
                        {
                            "coef1": 839,
                            "coef2": 968,
                            "sillHeight": 0,
                            "type": "doorWindow",
                            "vertex1": 10,
                            "vertex2": 11,
                            "width": 80
                        },
                        {
                            "coef1": 195,
                            "coef2": 323,
                            "sillHeight": 0,
                            "type": "doorWindow",
                            "vertex1": 10,
                            "vertex2": 11,
                            "width": 80
                        },
                        {
                            "coef1": 552,
                            "coef2": 926,
                            "sillHeight": 0,
                            "type": "doorWindow",
                            "vertex1": 0,
                            "vertex2": 1,
                            "width": 80
                        },
                        {
                            "coef1": 98,
                            "coef2": 487,
                            "sillHeight": 0,
                            "type": "doorWindow",
                            "vertex1": 0,
                            "vertex2": 1,
                            "width": 80
                        },
                        {
                            "coef1": 25,
                            "coef2": 686,
                            "type": "frontDoor",
                            "vertex1": 5,
                            "vertex2": 6,
                            "width": 90
                        },
                        {
                            "coef1": 0,
                            "coef2": 1000,
                            "type": "duct",
                            "vertex1": 12,
                            "vertex2": 13,
                            "width": 67
                        },
                        {
                            "coef1": 0,
                            "coef2": 1000,
                            "type": "duct",
                            "vertex1": 14,
                            "vertex2": 15,
                            "width": 37
                        }
                    ],
                    "forbiddenZones": [],
                    "level": 2,
                    "loadBearingWalls": [],
                    "rooms": [],
                    "unsplittableZones": [],
                    "vertices": [
                        {
                            "x": -524,
                            "y": 186
                        },
                        {
                            "x": -832,
                            "y": 186
                        },
                        {
                            "x": -832,
                            "y": -218
                        },
                        {
                            "x": -543,
                            "y": -218
                        },
                        {
                            "x": -543,
                            "y": -185
                        },
                        {
                            "x": -129,
                            "y": -185
                        },
                        {
                            "x": -129,
                            "y": -44
                        },
                        {
                            "x": 51,
                            "y": -44
                        },
                        {
                            "x": 51,
                            "y": 197
                        },
                        {
                            "x": 407,
                            "y": 197
                        },
                        {
                            "x": 407,