{
    "hashKey": "A102_0",
    "v1": {
        "apartment": {
            "area": 318278,
            "blueprints": [
                {
                    "externalSpaces": [
                        {
                            "area": 112108.36294279358,
                            "polygon": [
                                [
                                    -5035.687337876948,
                                    2390.3929797821174
                                ],
                                [
                                    -5035.687128841832,
                                    2378.6276779084924
                                ],
                                [
                                    -5075.587131810016,
                                    2378.626969914421
                                ],
                                [
                                    -5075.580101156746,
                                    1982.8506401522932
                                ],
                                [
                                    -4935.929307136557,
                                    1982.8337871125852
                                ],
                                [
                                    -4935.8848670461275,
                                    1892.5521879620792
                                ],
                                [
                                    -4773.980353226803,
                                    1892.5521879621779
                                ],
                                [
                                    -4773.941822599998,
                                    2390.397622119999
                                ]
                            ],
                            "type": "terrace",
                            "windows": [
                                0,
                                1,
                                2
                            ]
                        }
                    ],
                    "externalWalls": [
                        0,
                        1,
                        2,
                        3,
                        4,
                        5
                    ],
                    "fixedItems": [
                        {
                            "coef1": 755,
                            "coef2": 1000,
                            "sillHeight": 0,
                            "type": "doorWindow",
                            "vertex1": 3,
                            "vertex2": 4,
                            "width": 80
                        },
                        {
                            "coef1": 0,
                            "coef2": 714,
                            "sillHeight": 0,
                            "type": "doorWindow",
                            "vertex1": 4,
                            "vertex2": 5,
                            "width": 80
                        },
                        {
                            "coef1": 101,
                            "coef2": 992,
                            "sillHeight": 0,
                            "type": "doorWindow",
                            "vertex1": 5,
                            "vertex2": 0,
                            "width": 80
                        },
                        {
                            "coef1": 0,
                            "coef2": 257,
                            "sillHeight": 0,
                            "type": "doorWindow",
                            "vertex1": 0,
                            "vertex2": 1,
                            "width": 80
                        },
                        {
                            "coef1": 869,
                            "coef2": 1000,
                            "type": "frontDoor",
                            "vertex1": 1,
                            "vertex2": 2,
                            "width": 90
                        },
                        {
                            "coef1": 327,
                            "coef2": 469,
                            "type": "duct",
                            "vertex1": 3,
                            "vertex2": 4,
                            "width": 64
                        }
                    ],
                    "forbiddenZones": [],
                    "level": 1,
                    "loadBearingWalls": [],
                    "rooms": [],
                    "unsplittableZones": [],
                    "vertices": [
                        {
                            "x": -5076,
                            "y": 2379
                        },
                        {
                            "x": -5426,
                            "y": 2379
                        },
                        {
                            "x": -5426,
                            "y": 1616
                        },
                        {
                            "x": -4936,
                            "y": 1616
                        },
                        {
                            "x": -4936,
                            "y": 1983
                        },
                        {
                            "x": -5076,
                            "y": 1983
                        }
                    ]
                }
            ],
            "id": "A102",
            "ifcIds": [
                549215
            ],
            "levels": [
                1
            ],
            "north": [
                -0.5364660627410469,
                0.8439218942100739
            ]
        }
    },
    "v2": {
        "aptInfos": {
            "ifcIds": [
                549215
            ],
            "name": "A102",
            "north": [
                -0.5364660627410469,
                0.8439218942100739
            ]
        },
        "floors": [
            {
                "elements": [
                    301,
                    201,
                    202,
                    203,
                    204,
                    205,
                    302,
                    303
                ],
                "id": 401,
                "level": 1
            }
        ],
        "linears": [
            {
                "category": "doorWindow",
                "externalSpaces": [
                    302
                ],
                "geometry": [
                    107,
                    108
                ],
                "id": 201,
                "length": 89.99998818160861,
                "sillHeight": 0
            },
            {
                "category": "doorWindow",
                "externalSpaces": [
                    302
                ],
                "geometry": [
                    109,
                    1010
                ],
                "id": 202,
                "length": 99.69594557373857,
                "sillHeight": 0
            },
            {
                "category": "doorWindow",
                "externalSpaces": [
                    302
                ],
                "geometry": [
                    1011,
                    1012
                ],
                "id": 203,
                "length": 352.72620230976923,
                "sillHeight": 0
            },
            {
                "category": "doorWindow",
                "externalSpaces": [],
                "geometry": [
                    1013,
                    1014
                ],
                "id": 204,
                "length": 89.9929680209393,
                "sillHeight": 0
            },
            {
                "category": "frontDoor",
                "geometry": [
                    1015,
                    1016
                ],
                "id": 205,
                "length": 100.00000000016797
            }
        ],