{
  "meta": {
    "cacheKey": "H07_10",
    "projectSlug": "test-base",
    "slug": "H07"
  },
  "v1": {
    "apartment": {
      "area": 883356,
      "blueprints": [
        {
          "externalSpaces": [
            {
              "area": 51056.79780173707,
              "polygon": [
                [
                  -1101.3561473599998,
                  185.92176780756648
                ],
                [
                  -851.7866657503797,
                  185.94505624548827
                ],
                [
                  -851.7898290396739,
                  219.84430152590267
                ],
                [
                  -839.5862567150001,
                  219.8461948670008
                ],
                [
                  -839.5862567150001,
                  414.87046633100016
                ],
                [
                  -1101.3561473599998,
                  414.87046633100016
                ]
              ],
              "type": "balcony",
              "windows": [
                1,
                2
              ]
            },
            {
              "area": 301289.3316231176,
              "polygon": [
                [
                  407.35462899174985,
                  -643.3183527435924
                ],
                [
                  -1108.2603642007325,
                  -642.9194684183077
                ],
                [
                  -1107.7880745925147,
                  -872.4595261540213
                ],
                [
                  436.49545124247425,
                  -872.7085754797024
                ],
                [
                  436.3749634758191,
                  -677.600676131228
                ],
                [
                  407.3713119787561,
                  -677.5969703162184
                ]
              ],
              "type": "balcony",
              "windows": [
                4,
                5,
                6,
                7,
                8
              ]
            }
          ],
          "externalWalls": [
            0,
            1,
            2,
            3,
            4,
            5,
            6,
            7
          ],
          "fixedItems": [
            {
              "coef1": 714,
              "coef2": 995,
              "sillHeight": 0,
              "type": "doorWindow",
              "vertex1": 1,
              "vertex2": 2,
              "width": 80
            },
            {
              "coef1": 309,
              "coef2": 582,
              "sillHeight": 0,
              "type": "doorWindow",
              "vertex1": 1,
              "vertex2": 2,
              "width": 80
            },
            {
              "coef1": 2,
              "coef2": 278,
              "sillHeight": 0,
              "type": "doorWindow",
              "vertex1": 1,
              "vertex2": 2,
              "width": 80
            },
            {
              "coef1": 2,
              "coef2": 73,
              "sillHeight": 0,
              "type": "doorWindow",
              "vertex1": 3,
              "vertex2": 4,
              "width": 80
            },
            {
              "coef1": 912,
              "coef2": 984,
              "sillHeight": 0,
              "type": "doorWindow",
              "vertex1": 3,
              "vertex2": 4,
              "width": 80
            },
            {
              "coef1": 558,
              "coef2": 737,
              "sillHeight": 0,
              "type": "doorWindow",
              "vertex1": 3,
              "vertex2": 4,
              "width": 80
            },
            {
              "coef1": 109,
              "coef2": 181,
              "sillHeight": 0,
              "type": "doorWindow",
              "vertex1": 3,
              "vertex2": 4,
              "width": 80
            },
            {
              "coef1": 248,
              "coef2": 427,
              "sillHeight": 0,
              "type": "doorWindow",
              "vertex1": 3,
              "vertex2": 4,
              "width": 80
            },
            {
              "coef1": 805,
              "coef2": 876,
              "sillHeight": 0,
              "type": "doorWindow",
              "vertex1": 3,
              "vertex2": 4,
              "width": 80
            },
            {
              "coef1": 453,
              "coef2": 553,
              "type": "frontDoor",
              "vertex1": 5,
              "vertex2": 6,
              "width": 90
            },
            {
              "coef1": 226,
              "coef2": 298,
              "type": "duct",
              "vertex1": 5,
              "vertex2": 6,
              "width": 60
            },
            {
              "coef1": 637,
              "coef2": 677,
              "type": "duct",
              "vertex1": 5,
              "vertex2": 6,
              "width": 60
            },
            {
              "coef1": 0,
              "coef2": 1000,
              "type": "duct",
              "vertex1": 8,
              "vertex2": 9,
              "width": 67
            }
          ],
          "forbiddenZones": [],
          "level": 2,
          "loadBearingWalls": [],
          "rooms": [],
          "unsplittableZones": [],
          "vertices": [
            {
              "x": -852,
              "y": -238
            },
            {
              "x": -852,
              "y": 186
            },
            {
              "x": -1262,
              "y": 186
            },
            {
              "x": -1268,
              "y": -643
            },
            {
              "x": 407,
              "y": -643
            },
            {
              "x": 407,
              "y": -205
            },
            {
              "x": -523,
              "y": -205
            },
            {
              "x": -523,
              "y": -238
            },
            {
              "x": -1074,
              "y": -340
            },
            {
              "x": -1142,
              "y": -340
            }
          ]
        }
      ],
      "id": "H07",
      "ifcIds": [
        231884
      ],
      "levels": [
        2
      ],
      "north": [
        -0.12904881238203814,
        0.9916382425172929
      ]
    }
  },
  "v2": {
    "aptInfos": {
      "north": [
        -0.12904881238203814,
        0.9916382425172929
      ]
    },
    "floors": [
      {
        "elements": [
          301,
          201,
          202,
          203,
          204,
          205,
          206,
          207,
          208,
          209,
          2010,
          302,
          303,
          304,
          305,
          306
        ],
        "id": 401,
        "level": 2
      }
    ],
    "linears": [
      {
        "category": "doorWindow",
        "externalSpaces": [],
        "geometry": [
          109,
          1010
        ],
        "id": 201,
        "length": 115.34598344500111,
        "sillHeight": 0
      },
      {
        "category": "doorWindow",
        "externalSpaces": [
          302
        ],
        "geometry": [
          1011,
          1012
        ],
        "id": 202,
        "length": 112.05552914300294,
        "sillHeight": 0
      },
      {
        "category": "doorWindow",
        "externalSpaces": [
          302
        ],
        "geometry": [
          1013,
          1014
        ],
        "id": 203,
        "length": 113.26463641200408,
        "sillHeight": 0
      },
      {
        "category": "doorWindow",
        "externalSpaces": [],
        "geometry": [
          1015,
          1016
        ],
        "id": 204,
        "length": 120.00368044197812,
        "sillHeight": 0
      },
      {
        "category": "doorWindow",
        "externalSpaces": [
          303
        ],
        "geometry": [
          1017,
          1018
        ],
        "id": 205,
        "length": 119.99999999999287,