{
    "hashKey": "H06_10",
    "v1": {
        "apartment": {
            "area": 432802,
            "blueprints": [
                {
                    "externalSpaces": [
                        {
                            "area": 155788.38379505425,
                            "polygon": [
                                [
                                    -362.91707906455787,
                                    672.3239617029672
                                ],
                                [
                                    -352.91681266899997,
                                    672.3219766356087
                                ],
                                [
                                    -352.91681266899997,
                                    638.3530705764354
                                ],
                                [
                                    406.7651729442971,
                                    638.4239598802139
                                ],
                                [
                                    406.7508041519834,
                                    672.1711815137947
                                ],
                                [
                                    435.75074083325944,
                                    672.1654249843766
                                ],
                                [
                                    435.5949912779996,
                                    867.4825913349999
                                ],
                                [
                                    -362.9170790643521,
                                    867.165420740095
                                ]
                            ],
                            "type": "balcony",
                            "windows": [
                                0,
                                1,
                                2
                            ]
                        }
                    ],
                    "externalWalls": [
                        0,
                        1,
                        2,
                        3,
                        4,
                        5
                    ],
                    "fixedItems": [
                        {
                            "coef1": 0,
                            "coef2": 158,
                            "sillHeight": 0,
                            "type": "doorWindow",
                            "vertex1": 5,
                            "vertex2": 0,
                            "width": 80
                        },
                        {
                            "coef1": 512,
                            "coef2": 907,
                            "sillHeight": 0,
                            "type": "doorWindow",
                            "vertex1": 5,
                            "vertex2": 0,
                            "width": 80
                        },
                        {
                            "coef1": 237,
                            "coef2": 395,
                            "sillHeight": 0,
                            "type": "doorWindow",
                            "vertex1": 5,
                            "vertex2": 0,
                            "width": 80
                        },
                        {
                            "coef1": 765,
                            "coef2": 995,
                            "type": "frontDoor",
                            "vertex1": 1,
                            "vertex2": 2,
                            "width": 90
                        },
                        {
                            "coef1": 567,
                            "coef2": 655,
                            "type": "duct",
                            "vertex1": 0,
                            "vertex2": 1,
                            "width": 30
                        }
                    ],
                    "forbiddenZones": [],
                    "level": 1,
                    "loadBearingWalls": [],
                    "rooms": [],
                    "unsplittableZones": [],
                    "vertices": [
                        {
                            "x": -353,
                            "y": 638
                        },
                        {
                            "x": -353,
                            "y": -45
                        },
                        {
                            "x": 51,
                            "y": -45
                        },
                        {
                            "x": 51,
                            "y": 197
                        },
                        {
                            "x": 407,
                            "y": 197
                        },
                        {
                            "x": 407,
                            "y": 638
                        }
                    ]
                }
            ],
            "id": "H06",
            "ifcIds": [
                189742
            ],
            "levels": [
                1
            ],
            "north": [
                -0.12904881238203814,
                0.9916382425172929
            ]
        }
    },
    "v2": {
        "aptInfos": {
            "ifcIds": [
                189742
            ],
            "name": "H06",
            "north": [
                -0.12904881238203814,
                0.9916382425172929
            ]
        },
        "floors": [
            {
                "elements": [
                    301,
                    201,
                    202,
                    203,
                    204,
                    302,
                    303
                ],
                "id": 401,
                "level": 1
            }
        ],
        "linears": [
            {
                "category": "doorWindow",
                "externalSpaces": [
                    302,
                    302,
                    302
                ],
                "geometry": [
                    107,
                    108
                ],
                "id": 201,
                "length": 119.99999999999768,
                "sillHeight": 2.4799999
            },
            {
                "category": "doorWindow",
                "externalSpaces": [],
                "geometry": [
                    109,
                    1010
                ],
                "id": 202,
                "length": 300.000000000001,
                "sillHeight": 2.4799999
            },
            {
                "category": "doorWindow",
                "externalSpaces": [],
                "geometry": [
                    1011,
                    1012
                ],
                "id": 203,
                "length": 120.00000000000284,
                "sillHeight": 2.4799999
            },
            {
                "category": "frontDoor",
                "geometry": [
                    1013,
                    1014
                ],
                "id": 204,
                "length": 92.99999999999997
            }
        ],
        "spaces": [
            {
                "area": 432802.36399573943,
                "category": "empty",
                "geometry": [
                    101,
                    102,
                    103,
                    104,
                    105,
                    106
                ],
                "id": 301
            },
            {
                "area": 15578838.379505424,
                "category": "balcony",
                "geometry": [
                    1015,
                    1016,
                    1017,
                    1018,
                    1019,
                    1020,
                    1021,
                    1022
                ],